-- MariaDB dump 10.19  Distrib 10.4.32-MariaDB, for Win64 (AMD64)
--
-- Host: localhost    Database: g_xchange
-- ------------------------------------------------------
-- Server version	10.4.32-MariaDB

/*!40101 SET @OLD_CHARACTER_SET_CLIENT=@@CHARACTER_SET_CLIENT */;
/*!40101 SET @OLD_CHARACTER_SET_RESULTS=@@CHARACTER_SET_RESULTS */;
/*!40101 SET @OLD_COLLATION_CONNECTION=@@COLLATION_CONNECTION */;
/*!40101 SET NAMES utf8mb4 */;
/*!40103 SET @OLD_TIME_ZONE=@@TIME_ZONE */;
/*!40103 SET TIME_ZONE='+00:00' */;
/*!40014 SET @OLD_UNIQUE_CHECKS=@@UNIQUE_CHECKS, UNIQUE_CHECKS=0 */;
/*!40014 SET @OLD_FOREIGN_KEY_CHECKS=@@FOREIGN_KEY_CHECKS, FOREIGN_KEY_CHECKS=0 */;
/*!40101 SET @OLD_SQL_MODE=@@SQL_MODE, SQL_MODE='NO_AUTO_VALUE_ON_ZERO' */;
/*!40111 SET @OLD_SQL_NOTES=@@SQL_NOTES, SQL_NOTES=0 */;

--
-- Table structure for table `admins`
--

DROP TABLE IF EXISTS `admins`;
/*!40101 SET @saved_cs_client     = @@character_set_client */;
/*!40101 SET character_set_client = utf8 */;
CREATE TABLE `admins` (
  `id` bigint(20) unsigned NOT NULL AUTO_INCREMENT,
  `name` varchar(255) NOT NULL,
  `email` varchar(255) NOT NULL,
  `email_verified_at` timestamp NULL DEFAULT NULL,
  `password` varchar(255) NOT NULL,
  `remember_token` varchar(100) DEFAULT NULL,
  `created_at` timestamp NULL DEFAULT NULL,
  `updated_at` timestamp NULL DEFAULT NULL,
  PRIMARY KEY (`id`),
  UNIQUE KEY `admins_email_unique` (`email`)
) ENGINE=InnoDB AUTO_INCREMENT=8 DEFAULT CHARSET=utf8mb4 COLLATE=utf8mb4_unicode_ci;
/*!40101 SET character_set_client = @saved_cs_client */;

--
-- Dumping data for table `admins`
--

LOCK TABLES `admins` WRITE;
/*!40000 ALTER TABLE `admins` DISABLE KEYS */;
INSERT INTO `admins` VALUES (1,'アドミン太郎1','admin1@test.com',NULL,'$2y$12$KZPr8T3parO1A.uD.00KWe2tHOGLGNpGWftfhdccoFeP4rIXgmJMS',NULL,'2021-09-12 15:00:00',NULL),(2,'アドミン太郎2','admin2@test.com',NULL,'$2y$12$54brhkBZrmuGNy18z0cs.eEg99uv2BfW/0NeqAUKEPrFcbtPLXZQO',NULL,'2021-09-12 15:00:00',NULL),(3,'アドミン太郎3','admin3@test.com',NULL,'$2y$12$3uxRMRN9mRMHzUTjb7sl2OK/jfJkpdWkTSCSKAW2/UVYnlyD5xTt6',NULL,'2021-09-12 15:00:00',NULL),(4,'田中太郎','abc@xyz.com',NULL,'$2y$12$YMiXQiRb9dDKdMqP.2Ag3esCOUQvuLswtTnmDxBzIxsbTPTXPshBi',NULL,'2024-08-26 12:17:15','2024-08-26 12:17:15'),(5,'田中太郎','abcd@cav.com',NULL,'$2y$12$gXj3LaU96gVcPI5V9PJJHOo60WZQagxzmyftGyv.FIKqL5MTQtezq',NULL,'2024-08-26 15:53:14','2024-08-26 15:53:14'),(6,'田中太郎','abcd@abc.com',NULL,'$2y$12$IYTh2CtA2IH.nemSm/ShjOd5MULIZ/uf4e/UdU4W.pNs3rI/iTXgi',NULL,'2024-08-26 15:57:06','2024-08-26 15:57:06');
/*!40000 ALTER TABLE `admins` ENABLE KEYS */;
UNLOCK TABLES;

--
-- Table structure for table `cache`
--

DROP TABLE IF EXISTS `cache`;
/*!40101 SET @saved_cs_client     = @@character_set_client */;
/*!40101 SET character_set_client = utf8 */;
CREATE TABLE `cache` (
  `key` varchar(255) NOT NULL,
  `value` mediumtext NOT NULL,
  `expiration` int(11) NOT NULL,
  PRIMARY KEY (`key`)
) ENGINE=InnoDB DEFAULT CHARSET=utf8mb4 COLLATE=utf8mb4_unicode_ci;
/*!40101 SET character_set_client = @saved_cs_client */;

--
-- Dumping data for table `cache`
--

LOCK TABLES `cache` WRITE;
/*!40000 ALTER TABLE `cache` DISABLE KEYS */;
/*!40000 ALTER TABLE `cache` ENABLE KEYS */;
UNLOCK TABLES;

--
-- Table structure for table `cache_locks`
--

DROP TABLE IF EXISTS `cache_locks`;
/*!40101 SET @saved_cs_client     = @@character_set_client */;
/*!40101 SET character_set_client = utf8 */;
CREATE TABLE `cache_locks` (
  `key` varchar(255) NOT NULL,
  `owner` varchar(255) NOT NULL,
  `expiration` int(11) NOT NULL,
  PRIMARY KEY (`key`)
) ENGINE=InnoDB DEFAULT CHARSET=utf8mb4 COLLATE=utf8mb4_unicode_ci;
/*!40101 SET character_set_client = @saved_cs_client */;

--
-- Dumping data for table `cache_locks`
--

LOCK TABLES `cache_locks` WRITE;
/*!40000 ALTER TABLE `cache_locks` DISABLE KEYS */;
/*!40000 ALTER TABLE `cache_locks` ENABLE KEYS */;
UNLOCK TABLES;

--
-- Table structure for table `carts`
--

DROP TABLE IF EXISTS `carts`;
/*!40101 SET @saved_cs_client     = @@character_set_client */;
/*!40101 SET character_set_client = utf8 */;
CREATE TABLE `carts` (
  `id` bigint(20) unsigned NOT NULL AUTO_INCREMENT,
  `user_id` bigint(20) unsigned NOT NULL,
  `item_id` bigint(20) unsigned NOT NULL,
  `count` int(11) NOT NULL,
  `created_at` timestamp NULL DEFAULT NULL,
  `updated_at` timestamp NULL DEFAULT NULL,
  PRIMARY KEY (`id`),
  KEY `carts_user_id_index` (`user_id`),
  KEY `carts_item_id_index` (`item_id`),
  CONSTRAINT `carts_item_id_foreign` FOREIGN KEY (`item_id`) REFERENCES `items` (`id`) ON DELETE CASCADE,
  CONSTRAINT `carts_user_id_foreign` FOREIGN KEY (`user_id`) REFERENCES `users` (`id`) ON DELETE CASCADE
) ENGINE=InnoDB AUTO_INCREMENT=113 DEFAULT CHARSET=utf8mb4 COLLATE=utf8mb4_unicode_ci;
/*!40101 SET character_set_client = @saved_cs_client */;

--
-- Dumping data for table `carts`
--

LOCK TABLES `carts` WRITE;
/*!40000 ALTER TABLE `carts` DISABLE KEYS */;
INSERT INTO `carts` VALUES (91,2,110,1,'2024-09-07 15:44:02','2024-09-07 15:44:02');
/*!40000 ALTER TABLE `carts` ENABLE KEYS */;
UNLOCK TABLES;

--
-- Table structure for table `categories`
--

DROP TABLE IF EXISTS `categories`;
/*!40101 SET @saved_cs_client     = @@character_set_client */;
/*!40101 SET character_set_client = utf8 */;
CREATE TABLE `categories` (
  `id` bigint(20) unsigned NOT NULL AUTO_INCREMENT,
  `category_name` varchar(255) NOT NULL,
  `created_at` timestamp NOT NULL DEFAULT current_timestamp() ON UPDATE current_timestamp(),
  `updated_at` timestamp NULL DEFAULT NULL,
  PRIMARY KEY (`id`),
  UNIQUE KEY `category_name` (`category_name`)
) ENGINE=InnoDB AUTO_INCREMENT=16 DEFAULT CHARSET=utf8mb4 COLLATE=utf8mb4_unicode_ci;
/*!40101 SET character_set_client = @saved_cs_client */;

--
-- Dumping data for table `categories`
--

LOCK TABLES `categories` WRITE;
/*!40000 ALTER TABLE `categories` DISABLE KEYS */;
INSERT INTO `categories` VALUES (1,'食品系','2024-09-09 07:00:05','2024-09-09 07:00:05'),(2,'衣類','2024-09-09 07:02:49','2024-09-09 07:02:49'),(3,'日用雑貨','2024-09-09 05:34:49',NULL),(4,'文房具','2024-09-09 05:34:52',NULL),(14,'靴','2024-09-10 05:30:47','2024-09-10 05:30:47'),(15,'食品系でもある','2024-09-13 09:08:35','2024-09-13 09:08:35');
/*!40000 ALTER TABLE `categories` ENABLE KEYS */;
UNLOCK TABLES;

--
-- Table structure for table `failed_jobs`
--

DROP TABLE IF EXISTS `failed_jobs`;
/*!40101 SET @saved_cs_client     = @@character_set_client */;
/*!40101 SET character_set_client = utf8 */;
CREATE TABLE `failed_jobs` (
  `id` bigint(20) unsigned NOT NULL AUTO_INCREMENT,
  `uuid` varchar(255) NOT NULL,
  `connection` text NOT NULL,
  `queue` text NOT NULL,
  `payload` longtext NOT NULL,
  `exception` longtext NOT NULL,
  `failed_at` timestamp NOT NULL DEFAULT current_timestamp(),
  PRIMARY KEY (`id`),
  UNIQUE KEY `failed_jobs_uuid_unique` (`uuid`)
) ENGINE=InnoDB DEFAULT CHARSET=utf8mb4 COLLATE=utf8mb4_unicode_ci;
/*!40101 SET character_set_client = @saved_cs_client */;

--
-- Dumping data for table `failed_jobs`
--

LOCK TABLES `failed_jobs` WRITE;
/*!40000 ALTER TABLE `failed_jobs` DISABLE KEYS */;
/*!40000 ALTER TABLE `failed_jobs` ENABLE KEYS */;
UNLOCK TABLES;

--
-- Table structure for table `images`
--

DROP TABLE IF EXISTS `images`;
/*!40101 SET @saved_cs_client     = @@character_set_client */;
/*!40101 SET character_set_client = utf8 */;
CREATE TABLE `images` (
  `id` bigint(20) unsigned NOT NULL AUTO_INCREMENT,
  `img_path` varchar(255) NOT NULL,
  `created_at` timestamp NULL DEFAULT NULL,
  `updated_at` timestamp NULL DEFAULT NULL,
  PRIMARY KEY (`id`)
) ENGINE=InnoDB AUTO_INCREMENT=302 DEFAULT CHARSET=utf8mb4 COLLATE=utf8mb4_unicode_ci;
/*!40101 SET character_set_client = @saved_cs_client */;

--
-- Dumping data for table `images`
--

LOCK TABLES `images` WRITE;
/*!40000 ALTER TABLE `images` DISABLE KEYS */;
INSERT INTO `images` VALUES (55,'hankati.jpg','2024-09-03 08:47:03','2024-09-03 08:47:03'),(56,'20240903122932_66d6829c655a3.jpg','2024-09-03 08:47:03','2024-09-03 08:47:03'),(57,'press01.jpg','2024-09-03 08:47:03','2024-09-03 08:47:03'),(58,'about02.jpg','2024-09-03 08:47:03','2024-09-03 08:47:03'),(59,'sale-img03.png','2024-09-03 08:47:03','2024-09-03 08:47:03'),(60,'press17.jpg','2024-09-03 08:47:03','2024-09-03 08:47:03'),(61,'hankati2.jpg','2024-09-03 08:47:03','2024-09-03 08:47:03'),(62,'20240903122932_66d6829c67398.jpg','2024-09-03 08:47:03','2024-09-03 08:47:03'),(63,'press03.jpg','2024-09-03 08:47:03','2024-09-03 08:47:03'),(64,'detail04.jpg','2024-09-03 08:47:03','2024-09-03 08:47:03'),(65,'shop06.jpg','2024-09-03 08:47:03','2024-09-03 08:47:03'),(66,'detail05.jpg','2024-09-03 08:47:03','2024-09-03 08:47:03'),(67,'20240903100233_66d66029a37bb.jpg','2024-09-03 08:47:03','2024-09-03 08:47:03'),(68,'press20.jpg','2024-09-03 08:47:03','2024-09-03 08:47:03'),(69,'press25.jpg','2024-09-03 08:47:03','2024-09-03 08:47:03'),(70,'press27.jpg','2024-09-03 08:47:03','2024-09-03 08:47:03'),(71,'sale-img01.png','2024-09-03 08:47:03','2024-09-03 08:47:03'),(72,'press12.jpg','2024-09-03 08:47:03','2024-09-03 08:47:03'),(73,'sale-img02.png','2024-09-03 08:47:03','2024-09-03 08:47:03'),(74,'detail203.jpg','2024-09-03 08:47:03','2024-09-03 08:47:03'),(75,'press17.jpg','2024-09-03 08:47:03','2024-09-03 08:47:03'),(76,'detail05.jpg','2024-09-03 08:47:03','2024-09-03 08:47:03'),(77,'press05.jpg','2024-09-03 08:47:03','2024-09-03 08:47:03'),(78,'press09.jpg','2024-09-03 08:47:03','2024-09-03 08:47:03'),(79,'detail203.jpg','2024-09-03 08:47:03','2024-09-03 08:47:03'),(80,'press05.jpg','2024-09-03 08:47:03','2024-09-03 08:47:03'),(81,'press17.jpg','2024-09-03 08:47:03','2024-09-03 08:47:03'),(82,'shop04.jpg','2024-09-03 08:47:03','2024-09-03 08:47:03'),(83,'shop06.jpg','2024-09-03 08:47:03','2024-09-03 08:47:03'),(84,'press15.jpg','2024-09-03 08:47:03','2024-09-03 08:47:03'),(85,'3c6422fde3d00317f2a66e1642db5cd3.jpg','2024-09-03 08:47:03','2024-09-03 08:47:03'),(86,'detail01.jpg','2024-09-03 08:47:03','2024-09-03 08:47:03'),(87,'sale-img03.png','2024-09-03 08:47:03','2024-09-03 08:47:03'),(88,'about04.jpg','2024-09-03 08:47:03','2024-09-03 08:47:03'),(89,'banner01.jpg','2024-09-03 08:47:03','2024-09-03 08:47:03'),(90,'3c6422fde3d00317f2a66e1642db5cd3.jpg','2024-09-03 08:47:03','2024-09-03 08:47:03'),(91,'press16.jpg','2024-09-03 08:47:03','2024-09-03 08:47:03'),(92,'press12.jpg','2024-09-03 08:47:03','2024-09-03 08:47:03'),(93,'press25.jpg','2024-09-03 08:47:03','2024-09-03 08:47:03'),(94,'press15.jpg','2024-09-03 08:47:03','2024-09-03 08:47:03'),(95,'press22.jpg','2024-09-03 08:47:03','2024-09-03 08:47:03'),(96,'about04.jpg','2024-09-03 08:47:03','2024-09-03 08:47:03'),(97,'press27.jpg','2024-09-03 08:47:03','2024-09-03 08:47:03'),(98,'about01.jpg','2024-09-03 08:47:03','2024-09-03 08:47:03'),(99,'sale-img01.png','2024-09-03 08:47:03','2024-09-03 08:47:03'),(100,'20240903122932_66d6829c67398.jpg','2024-09-03 08:47:03','2024-09-03 08:47:03'),(101,'8056388a9e366827afc5056159a33650.jpg','2024-09-03 08:47:03','2024-09-03 08:47:03'),(102,'shop04.jpg','2024-09-03 08:47:03','2024-09-03 08:47:03'),(103,'press25.jpg','2024-09-03 08:47:03','2024-09-03 08:47:03'),(104,'detail203.jpg','2024-09-03 08:47:03','2024-09-03 08:47:03'),(105,'press21.jpg','2024-09-03 08:47:03','2024-09-03 08:47:03'),(106,'15f8ee382a214306ba8373bc34264f5a.jpg','2024-09-03 08:47:03','2024-09-03 08:47:03'),(107,'20240903100233_66d660296b116.jpg','2024-09-03 08:47:03','2024-09-03 08:47:03'),(108,'detail201.jpg','2024-09-03 08:47:03','2024-09-03 08:47:03'),(109,'86abdd2e872c505dd175478bbbe12617.jpg','2024-09-03 08:47:03','2024-09-03 08:47:03'),(110,'8056388a9e366827afc5056159a33650.jpg','2024-09-03 08:47:03','2024-09-03 08:47:03'),(111,'about03.jpg','2024-09-03 08:47:03','2024-09-03 08:47:03'),(112,'20a242c1c8968ad8ab20c707c24e0d02.jpg','2024-09-03 08:47:03','2024-09-03 08:47:03'),(113,'press23.jpg','2024-09-03 08:47:03','2024-09-03 08:47:03'),(114,'detail01.jpg','2024-09-03 08:47:03','2024-09-03 08:47:03'),(115,'press17.jpg','2024-09-03 08:47:03','2024-09-03 08:47:03'),(116,'20240903100233_66d66029a37bb.jpg','2024-09-03 08:47:03','2024-09-03 08:47:03'),(117,'press16.jpg','2024-09-03 08:47:03','2024-09-03 08:47:03'),(118,'about02.jpg','2024-09-03 08:47:03','2024-09-03 08:47:03'),(119,'press01.jpg','2024-09-03 08:47:03','2024-09-03 08:47:03'),(120,'hankati.jpg','2024-09-03 08:47:03','2024-09-03 08:47:03'),(121,'detail04.jpg','2024-09-03 08:47:03','2024-09-03 08:47:03'),(122,'shop04.jpg','2024-09-03 08:47:03','2024-09-03 08:47:03'),(123,'press20.jpg','2024-09-03 08:47:03','2024-09-03 08:47:03'),(124,'detail03.jpg','2024-09-03 08:47:03','2024-09-03 08:47:03'),(125,'detail204.jpg','2024-09-03 08:47:03','2024-09-03 08:47:03'),(126,'press08.jpg','2024-09-03 08:47:03','2024-09-03 08:47:03'),(127,'press06.jpg','2024-09-03 08:47:03','2024-09-03 08:47:03'),(128,'press16.jpg','2024-09-03 08:47:03','2024-09-03 08:47:03'),(129,'banner01.jpg','2024-09-03 08:47:03','2024-09-03 08:47:03'),(130,'sale-img02.png','2024-09-03 08:47:03','2024-09-03 08:47:03'),(131,'banner02.jpg','2024-09-06 05:24:50','2024-09-06 05:24:50'),(132,'shop01.jpg','2024-09-06 05:24:50','2024-09-06 05:24:50'),(133,'20240903122932_66d6829c67398.jpg','2024-09-06 05:24:50','2024-09-06 05:24:50'),(134,'shop02.jpg','2024-09-06 05:24:50','2024-09-06 05:24:50'),(135,'detail03.jpg','2024-09-06 05:24:50','2024-09-06 05:24:50'),(136,'press11.jpg','2024-09-06 05:24:50','2024-09-06 05:24:50'),(137,'detail01.jpg','2024-09-06 05:24:50','2024-09-06 05:24:50'),(138,'detail05.jpg','2024-09-06 05:24:50','2024-09-06 05:24:50'),(139,'press11.jpg','2024-09-06 05:24:50','2024-09-06 05:24:50'),(140,'about04.jpg','2024-09-06 05:24:50','2024-09-06 05:24:50'),(141,'20240903100233_66d660296b116.jpg','2024-09-06 05:24:50','2024-09-06 05:24:50'),(142,'86abdd2e872c505dd175478bbbe12617.jpg','2024-09-06 05:24:50','2024-09-06 05:24:50'),(143,'detail204.jpg','2024-09-06 05:24:50','2024-09-06 05:24:50'),(144,'hankati.jpg','2024-09-06 05:24:50','2024-09-06 05:24:50'),(145,'20240903122932_66d6829c66fee.jpg','2024-09-06 05:24:50','2024-09-06 05:24:50'),(146,'detail01.jpg','2024-09-06 05:24:50','2024-09-06 05:24:50'),(147,'hankati.jpg','2024-09-06 05:24:50','2024-09-06 05:24:50'),(148,'about03.jpg','2024-09-06 05:24:50','2024-09-06 05:24:50'),(149,'detail01.jpg','2024-09-06 05:24:50','2024-09-06 05:24:50'),(150,'press12.jpg','2024-09-06 05:24:50','2024-09-06 05:24:50'),(151,'press18.jpg','2024-09-06 05:24:50','2024-09-06 05:24:50'),(152,'press05.jpg','2024-09-06 05:24:50','2024-09-06 05:24:50'),(153,'20240903122932_66d6829c67398.jpg','2024-09-06 05:24:50','2024-09-06 05:24:50'),(154,'18d4e30198f41282318222698dcc3891.jpg','2024-09-06 05:24:50','2024-09-06 05:24:50'),(155,'press17.jpg','2024-09-06 05:24:50','2024-09-06 05:24:50'),(156,'press26.jpg','2024-09-06 05:24:50','2024-09-06 05:24:50'),(157,'20240903100233_66d66029a37bb.jpg','2024-09-06 05:24:50','2024-09-06 05:24:50'),(158,'18d4e30198f41282318222698dcc3891.jpg','2024-09-06 05:24:50','2024-09-06 05:24:50'),(159,'banner02.jpg','2024-09-06 05:24:50','2024-09-06 05:24:50'),(160,'press14.jpg','2024-09-06 05:24:50','2024-09-06 05:24:50'),(161,'20240903100233_66d66029a37bb.jpg','2024-09-06 05:24:50','2024-09-06 05:24:50'),(162,'20240903112802_66d6743209291.jpg','2024-09-06 05:24:50','2024-09-06 05:24:50'),(163,'press03.jpg','2024-09-06 05:24:50','2024-09-06 05:24:50'),(164,'dcf2fc1c75279f1488bbd68f104fdb24.jpg','2024-09-06 05:24:50','2024-09-06 05:24:50'),(165,'shop01.jpg','2024-09-06 05:24:50','2024-09-06 05:24:50'),(166,'18d4e30198f41282318222698dcc3891.jpg','2024-09-06 05:24:50','2024-09-06 05:24:50'),(167,'press18.jpg','2024-09-06 05:24:50','2024-09-06 05:24:50'),(168,'20240903122932_66d6829c671e6.jpg','2024-09-06 05:24:50','2024-09-06 05:24:50'),(169,'about04.jpg','2024-09-06 05:24:50','2024-09-06 05:24:50'),(170,'00500b8643640b1ff3d9516523eb492e.jpg','2024-09-06 05:24:50','2024-09-06 05:24:50'),(171,'press06.jpg','2024-09-06 05:24:50','2024-09-06 05:24:50'),(172,'press14.jpg','2024-09-06 05:24:50','2024-09-06 05:24:50'),(173,'20240903122932_66d6829c67398.jpg','2024-09-06 05:24:50','2024-09-06 05:24:50'),(174,'20240903100233_66d660296b116.jpg','2024-09-06 05:24:50','2024-09-06 05:24:50'),(175,'press15.jpg','2024-09-06 05:24:50','2024-09-06 05:24:50'),(176,'press13.jpg','2024-09-06 05:24:50','2024-09-06 05:24:50'),(177,'edbed3554b471e6a29dcdb9841f0b6b0.jpg','2024-09-06 05:24:50','2024-09-06 05:24:50'),(178,'20240903114651_66d6789bc4fd3.jpg','2024-09-06 05:24:50','2024-09-06 05:24:50'),(179,'press10.jpg','2024-09-06 05:24:50','2024-09-06 05:24:50'),(180,'press04.jpg','2024-09-06 05:24:50','2024-09-06 05:24:50'),(181,'20a242c1c8968ad8ab20c707c24e0d02.jpg','2024-09-06 05:24:50','2024-09-06 05:24:50'),(182,'00500b8643640b1ff3d9516523eb492e.jpg','2024-09-06 05:24:50','2024-09-06 05:24:50'),(183,'press23.jpg','2024-09-06 05:24:50','2024-09-06 05:24:50'),(184,'detail03.jpg','2024-09-06 05:24:50','2024-09-06 05:24:50'),(185,'about01.jpg','2024-09-06 05:24:50','2024-09-06 05:24:50'),(186,'detail05.jpg','2024-09-06 05:24:50','2024-09-06 05:24:50'),(187,'dcf2fc1c75279f1488bbd68f104fdb24.jpg','2024-09-06 05:24:50','2024-09-06 05:24:50'),(188,'banner02.jpg','2024-09-06 05:24:50','2024-09-06 05:24:50'),(189,'20240903100233_66d660296b116.jpg','2024-09-06 05:24:50','2024-09-06 05:24:50'),(190,'edbed3554b471e6a29dcdb9841f0b6b0.jpg','2024-09-06 05:24:50','2024-09-06 05:24:50'),(191,'detail02.jpg','2024-09-06 05:24:50','2024-09-06 05:24:50'),(192,'8056388a9e366827afc5056159a33650.jpg','2024-09-06 05:24:50','2024-09-06 05:24:50'),(193,'about01.jpg','2024-09-06 05:24:50','2024-09-06 05:24:50'),(194,'contact.jpg','2024-09-06 05:24:50','2024-09-06 05:24:50'),(195,'detail202.jpg','2024-09-06 05:24:50','2024-09-06 05:24:50'),(196,'banner01.jpg','2024-09-06 05:24:50','2024-09-06 05:24:50'),(197,'press25.jpg','2024-09-06 05:24:50','2024-09-06 05:24:50'),(198,'press20.jpg','2024-09-06 05:24:50','2024-09-06 05:24:50'),(199,'press10.jpg','2024-09-06 05:24:50','2024-09-06 05:24:50'),(200,'press11.jpg','2024-09-06 05:24:50','2024-09-06 05:24:50'),(201,'15f8ee382a214306ba8373bc34264f5a.jpg','2024-09-06 05:24:50','2024-09-06 05:24:50'),(202,'detail203.jpg','2024-09-06 05:24:50','2024-09-06 05:24:50'),(203,'press12.jpg','2024-09-06 05:24:50','2024-09-06 05:24:50'),(204,'press22.jpg','2024-09-06 05:24:50','2024-09-06 05:24:50'),(205,'about04.jpg','2024-09-06 05:24:50','2024-09-06 05:24:50'),(206,'press03.jpg','2024-09-06 05:24:50','2024-09-06 05:24:50'),(207,'press16.jpg','2024-09-06 05:24:50','2024-09-06 05:24:50'),(208,'a2dcc7d843c4d0749064031c74b4140f.jpg','2024-09-06 05:24:50','2024-09-06 05:24:50'),(209,'sale-img03.png','2024-09-06 05:24:50','2024-09-06 05:24:50'),(210,'about03.jpg','2024-09-06 05:24:50','2024-09-06 05:24:50'),(211,'shop03.jpg','2024-09-06 05:52:44','2024-09-06 05:52:44'),(212,'20240903122932_66d6829c66fee.jpg','2024-09-06 05:52:44','2024-09-06 05:52:44'),(213,'8056388a9e366827afc5056159a33650.jpg','2024-09-06 05:52:44','2024-09-06 05:52:44'),(214,'press23.jpg','2024-09-06 05:52:44','2024-09-06 05:52:44'),(215,'20240903122932_66d6829c655a3.jpg','2024-09-06 05:52:44','2024-09-06 05:52:44'),(216,'00500b8643640b1ff3d9516523eb492e.jpg','2024-09-06 05:52:44','2024-09-06 05:52:44'),(217,'banner02.jpg','2024-09-06 05:52:44','2024-09-06 05:52:44'),(218,'detail01.jpg','2024-09-06 05:52:44','2024-09-06 05:52:44'),(219,'20240903114651_66d6789bc686c.jpg','2024-09-06 05:52:44','2024-09-06 05:52:44'),(220,'press24.jpg','2024-09-06 05:52:44','2024-09-06 05:52:44'),(221,'shop02.jpg','2024-09-06 05:52:44','2024-09-06 05:52:44'),(222,'3d4fd97ef567016ad281b91f58c70c63.jpg','2024-09-06 05:52:44','2024-09-06 05:52:44'),(223,'about04.jpg','2024-09-06 05:52:44','2024-09-06 05:52:44'),(224,'press25.jpg','2024-09-06 05:52:44','2024-09-06 05:52:44'),(225,'20240903122932_66d6829c66fee.jpg','2024-09-06 05:52:44','2024-09-06 05:52:44'),(226,'a2dcc7d843c4d0749064031c74b4140f.jpg','2024-09-06 05:52:44','2024-09-06 05:52:44'),(227,'press22.jpg','2024-09-06 05:52:44','2024-09-06 05:52:44'),(228,'press09.jpg','2024-09-06 05:52:44','2024-09-06 05:52:44'),(229,'15f8ee382a214306ba8373bc34264f5a.jpg','2024-09-06 05:52:44','2024-09-06 05:52:44'),(230,'press19.jpg','2024-09-06 05:52:44','2024-09-06 05:52:44'),(231,'press06.jpg','2024-09-06 05:52:44','2024-09-06 05:52:44'),(232,'shop05.jpg','2024-09-06 05:52:44','2024-09-06 05:52:44'),(233,'about02.jpg','2024-09-06 05:52:44','2024-09-06 05:52:44'),(234,'sale-img01.png','2024-09-06 05:52:44','2024-09-06 05:52:44'),(235,'detail01.jpg','2024-09-06 05:52:44','2024-09-06 05:52:44'),(236,'press17.jpg','2024-09-06 05:52:44','2024-09-06 05:52:44'),(237,'about03.jpg','2024-09-06 05:52:44','2024-09-06 05:52:44'),(238,'20240903122932_66d6829c671e6.jpg','2024-09-06 05:52:44','2024-09-06 05:52:44'),(239,'20240903100233_66d660296b116.jpg','2024-09-06 05:52:44','2024-09-06 05:52:44'),(240,'shop01.jpg','2024-09-06 05:52:44','2024-09-06 05:52:44'),(241,'20240903122932_66d6829c66fee.jpg','2024-09-06 05:52:44','2024-09-06 05:52:44'),(242,'sale-img01.png','2024-09-06 05:52:44','2024-09-06 05:52:44'),(243,'press21.jpg','2024-09-06 05:52:44','2024-09-06 05:52:44'),(244,'20240903100233_66d660296b116.jpg','2024-09-06 05:52:44','2024-09-06 05:52:44'),(245,'3c6422fde3d00317f2a66e1642db5cd3.jpg','2024-09-06 05:52:44','2024-09-06 05:52:44'),(246,'press04.jpg','2024-09-06 05:52:44','2024-09-06 05:52:44'),(247,'20240903122932_66d6829c655a3.jpg','2024-09-06 05:52:44','2024-09-06 05:52:44'),(248,'press12.jpg','2024-09-06 05:52:44','2024-09-06 05:52:44'),(249,'shop04.jpg','2024-09-06 05:52:44','2024-09-06 05:52:44'),(250,'dcf2fc1c75279f1488bbd68f104fdb24.jpg','2024-09-06 05:52:44','2024-09-06 05:52:44'),(251,'hankati2.jpg','2024-09-06 05:52:44','2024-09-06 05:52:44'),(252,'press14.jpg','2024-09-06 05:52:44','2024-09-06 05:52:44'),(253,'press20.jpg','2024-09-06 05:52:44','2024-09-06 05:52:44'),(254,'press24.jpg','2024-09-06 05:52:44','2024-09-06 05:52:44'),(255,'press11.jpg','2024-09-06 05:52:44','2024-09-06 05:52:44'),(256,'shop06.jpg','2024-09-06 05:52:44','2024-09-06 05:52:44'),(257,'3c6422fde3d00317f2a66e1642db5cd3.jpg','2024-09-06 05:52:44','2024-09-06 05:52:44'),(258,'20240903114651_66d6789bc686c.jpg','2024-09-06 05:52:44','2024-09-06 05:52:44'),(259,'sale-img02.png','2024-09-06 05:52:44','2024-09-06 05:52:44'),(260,'press05.jpg','2024-09-06 05:52:44','2024-09-06 05:52:44'),(261,'00500b8643640b1ff3d9516523eb492e.jpg','2024-09-06 05:52:44','2024-09-06 05:52:44'),(262,'press15.jpg','2024-09-06 05:52:44','2024-09-06 05:52:44'),(263,'press26.jpg','2024-09-06 05:52:44','2024-09-06 05:52:44'),(264,'shop06.jpg','2024-09-06 05:52:44','2024-09-06 05:52:44'),(265,'press18.jpg','2024-09-06 05:52:44','2024-09-06 05:52:44'),(266,'shop05.jpg','2024-09-06 05:52:44','2024-09-06 05:52:44'),(267,'press08.jpg','2024-09-06 05:52:44','2024-09-06 05:52:44'),(268,'sale-img02.png','2024-09-06 05:52:44','2024-09-06 05:52:44'),(269,'press18.jpg','2024-09-06 05:52:44','2024-09-06 05:52:44'),(270,'dcf2fc1c75279f1488bbd68f104fdb24.jpg','2024-09-06 05:52:44','2024-09-06 05:52:44'),(271,'20240903122932_66d6829c671e6.jpg','2024-09-06 05:52:44','2024-09-06 05:52:44'),(272,'20240903122932_66d6829c66fee.jpg','2024-09-06 05:52:44','2024-09-06 05:52:44'),(273,'press19.jpg','2024-09-06 05:52:44','2024-09-06 05:52:44'),(274,'20240903122932_66d6829c67398.jpg','2024-09-06 05:52:44','2024-09-06 05:52:44'),(275,'press23.jpg','2024-09-06 05:52:44','2024-09-06 05:52:44'),(276,'20240903100233_66d66029a37bb.jpg','2024-09-06 05:52:44','2024-09-06 05:52:44'),(277,'20a242c1c8968ad8ab20c707c24e0d02.jpg','2024-09-06 05:52:44','2024-09-06 05:52:44'),(278,'detail203.jpg','2024-09-06 05:52:44','2024-09-06 05:52:44'),(279,'detail03.jpg','2024-09-06 05:52:44','2024-09-06 05:52:44'),(280,'shop02.jpg','2024-09-06 05:52:44','2024-09-06 05:52:44'),(281,'banner02.jpg','2024-09-06 05:52:44','2024-09-06 05:52:44'),(282,'press23.jpg','2024-09-06 05:52:44','2024-09-06 05:52:44'),(283,'shop05.jpg','2024-09-06 05:52:44','2024-09-06 05:52:44'),(284,'press06.jpg','2024-09-06 05:52:44','2024-09-06 05:52:44'),(285,'shop01.jpg','2024-09-06 05:52:44','2024-09-06 05:52:44'),(286,'press16.jpg','2024-09-06 05:52:44','2024-09-06 05:52:44'),(287,'press03.jpg','2024-09-06 05:52:44','2024-09-06 05:52:44'),(288,'00500b8643640b1ff3d9516523eb492e.jpg','2024-09-06 05:52:44','2024-09-06 05:52:44'),(289,'hankati.jpg','2024-09-06 05:52:44','2024-09-06 05:52:44'),(290,'press05.jpg','2024-09-06 05:52:44','2024-09-06 05:52:44'),(291,'20240910161433_66dff1d97587a.jpg','2024-09-10 07:14:33','2024-09-10 07:14:33'),(292,'20240910161433_66dff1d977ef5.jpg','2024-09-10 07:14:33','2024-09-10 07:14:33'),(293,'20240910161433_66dff1d9780fe.jpg','2024-09-10 07:14:33','2024-09-10 07:14:33'),(298,'20240911002653_66e0653d13365.jpg','2024-09-10 15:26:53','2024-09-10 15:26:53'),(299,'20240911002653_66e0653d137d8.jpg','2024-09-10 15:26:53','2024-09-10 15:26:53'),(300,'20240913180538_66e4006230cbb.jpg','2024-09-13 09:05:40','2024-09-13 09:05:40'),(301,'20240913180538_66e4006232486.jpg','2024-09-13 09:05:40','2024-09-13 09:05:40');
/*!40000 ALTER TABLE `images` ENABLE KEYS */;
UNLOCK TABLES;

--
-- Table structure for table `item_images`
--

DROP TABLE IF EXISTS `item_images`;
/*!40101 SET @saved_cs_client     = @@character_set_client */;
/*!40101 SET character_set_client = utf8 */;
CREATE TABLE `item_images` (
  `id` bigint(20) unsigned NOT NULL AUTO_INCREMENT,
  `item_id` bigint(20) unsigned NOT NULL,
  `image_id` bigint(20) unsigned NOT NULL,
  `created_at` timestamp NULL DEFAULT NULL,
  `updated_at` timestamp NULL DEFAULT NULL,
  PRIMARY KEY (`id`),
  KEY `item_images_item_id_foreign` (`item_id`),
  KEY `item_images_image_id_foreign` (`image_id`),
  CONSTRAINT `item_images_image_id_foreign` FOREIGN KEY (`image_id`) REFERENCES `images` (`id`) ON DELETE CASCADE,
  CONSTRAINT `item_images_item_id_foreign` FOREIGN KEY (`item_id`) REFERENCES `items` (`id`) ON DELETE CASCADE
) ENGINE=InnoDB AUTO_INCREMENT=302 DEFAULT CHARSET=utf8mb4 COLLATE=utf8mb4_unicode_ci;
/*!40101 SET character_set_client = @saved_cs_client */;

--
-- Dumping data for table `item_images`
--

LOCK TABLES `item_images` WRITE;
/*!40000 ALTER TABLE `item_images` DISABLE KEYS */;
INSERT INTO `item_images` VALUES (59,110,59,NULL,NULL),(60,110,60,NULL,NULL),(61,110,61,NULL,NULL),(62,110,62,NULL,NULL),(63,111,63,NULL,NULL),(64,111,64,NULL,NULL),(65,111,65,NULL,NULL),(66,111,66,NULL,NULL),(67,112,67,NULL,NULL),(68,112,68,NULL,NULL),(69,112,69,NULL,NULL),(70,112,70,NULL,NULL),(71,113,71,NULL,NULL),(72,113,72,NULL,NULL),(73,113,73,NULL,NULL),(74,113,74,NULL,NULL),(75,114,75,NULL,NULL),(76,114,76,NULL,NULL),(77,114,77,NULL,NULL),(78,114,78,NULL,NULL),(79,115,79,NULL,NULL),(80,115,80,NULL,NULL),(81,115,81,NULL,NULL),(82,115,82,NULL,NULL),(83,116,83,NULL,NULL),(84,116,84,NULL,NULL),(85,116,85,NULL,NULL),(86,116,86,NULL,NULL),(87,117,87,NULL,NULL),(88,117,88,NULL,NULL),(89,117,89,NULL,NULL),(90,117,90,NULL,NULL),(91,118,91,NULL,NULL),(92,118,92,NULL,NULL),(93,118,93,NULL,NULL),(94,118,94,NULL,NULL),(95,119,95,NULL,NULL),(96,119,96,NULL,NULL),(97,119,97,NULL,NULL),(98,119,98,NULL,NULL),(99,120,99,NULL,NULL),(100,120,100,NULL,NULL),(101,120,101,NULL,NULL),(102,120,102,NULL,NULL),(103,121,103,NULL,NULL),(104,121,104,NULL,NULL),(105,121,105,NULL,NULL),(106,121,106,NULL,NULL),(107,122,107,NULL,NULL),(108,122,108,NULL,NULL),(109,122,109,NULL,NULL),(110,122,110,NULL,NULL),(111,123,111,NULL,NULL),(112,123,112,NULL,NULL),(113,123,113,NULL,NULL),(114,123,114,NULL,NULL),(115,124,115,NULL,NULL),(116,124,116,NULL,NULL),(117,124,117,NULL,NULL),(118,124,118,NULL,NULL),(119,125,119,NULL,NULL),(120,125,120,NULL,NULL),(121,125,121,NULL,NULL),(122,125,122,NULL,NULL),(123,126,123,NULL,NULL),(124,126,124,NULL,NULL),(125,126,125,NULL,NULL),(126,126,126,NULL,NULL),(127,127,127,NULL,NULL),(128,127,128,NULL,NULL),(129,127,129,NULL,NULL),(130,127,130,NULL,NULL),(131,128,131,NULL,NULL),(132,128,132,NULL,NULL),(133,128,133,NULL,NULL),(134,128,134,NULL,NULL),(135,129,135,NULL,NULL),(136,129,136,NULL,NULL),(137,129,137,NULL,NULL),(138,129,138,NULL,NULL),(139,130,139,NULL,NULL),(140,130,140,NULL,NULL),(141,130,141,NULL,NULL),(142,130,142,NULL,NULL),(143,131,143,NULL,NULL),(144,131,144,NULL,NULL),(145,131,145,NULL,NULL),(146,131,146,NULL,NULL),(147,132,147,NULL,NULL),(148,132,148,NULL,NULL),(149,132,149,NULL,NULL),(150,132,150,NULL,NULL),(151,133,151,NULL,NULL),(152,133,152,NULL,NULL),(153,133,153,NULL,NULL),(154,133,154,NULL,NULL),(155,134,155,NULL,NULL),(156,134,156,NULL,NULL),(157,134,157,NULL,NULL),(158,134,158,NULL,NULL),(159,135,159,NULL,NULL),(160,135,160,NULL,NULL),(161,135,161,NULL,NULL),(162,135,162,NULL,NULL),(163,136,163,NULL,NULL),(164,136,164,NULL,NULL),(165,136,165,NULL,NULL),(166,136,166,NULL,NULL),(167,137,167,NULL,NULL),(168,137,168,NULL,NULL),(169,137,169,NULL,NULL),(170,137,170,NULL,NULL),(171,138,171,NULL,NULL),(172,138,172,NULL,NULL),(173,138,173,NULL,NULL),(174,138,174,NULL,NULL),(175,139,175,NULL,NULL),(176,139,176,NULL,NULL),(177,139,177,NULL,NULL),(178,139,178,NULL,NULL),(179,140,179,NULL,NULL),(180,140,180,NULL,NULL),(181,140,181,NULL,NULL),(182,140,182,NULL,NULL),(183,141,183,NULL,NULL),(184,141,184,NULL,NULL),(185,141,185,NULL,NULL),(186,141,186,NULL,NULL),(187,142,187,NULL,NULL),(188,142,188,NULL,NULL),(189,142,189,NULL,NULL),(190,142,190,NULL,NULL),(191,143,191,NULL,NULL),(192,143,192,NULL,NULL),(193,143,193,NULL,NULL),(194,143,194,NULL,NULL),(195,144,195,NULL,NULL),(196,144,196,NULL,NULL),(197,144,197,NULL,NULL),(198,144,198,NULL,NULL),(199,145,199,NULL,NULL),(200,145,200,NULL,NULL),(201,145,201,NULL,NULL),(202,145,202,NULL,NULL),(203,146,203,NULL,NULL),(204,146,204,NULL,NULL),(205,146,205,NULL,NULL),(206,146,206,NULL,NULL),(207,147,207,NULL,NULL),(208,147,208,NULL,NULL),(209,147,209,NULL,NULL),(210,147,210,NULL,NULL),(211,148,211,NULL,NULL),(212,148,212,NULL,NULL),(213,148,213,NULL,NULL),(214,148,214,NULL,NULL),(215,149,215,NULL,NULL),(216,149,216,NULL,NULL),(217,149,217,NULL,NULL),(218,149,218,NULL,NULL),(219,150,219,NULL,NULL),(220,150,220,NULL,NULL),(221,150,221,NULL,NULL),(222,150,222,NULL,NULL),(223,151,223,NULL,NULL),(224,151,224,NULL,NULL),(225,151,225,NULL,NULL),(226,151,226,NULL,NULL),(227,152,227,NULL,NULL),(228,152,228,NULL,NULL),(229,152,229,NULL,NULL),(230,152,230,NULL,NULL),(231,153,231,NULL,NULL),(232,153,232,NULL,NULL),(233,153,233,NULL,NULL),(234,153,234,NULL,NULL),(235,154,235,NULL,NULL),(236,154,236,NULL,NULL),(237,154,237,NULL,NULL),(238,154,238,NULL,NULL),(239,155,239,NULL,NULL),(240,155,240,NULL,NULL),(241,155,241,NULL,NULL),(242,155,242,NULL,NULL),(243,156,243,NULL,NULL),(244,156,244,NULL,NULL),(245,156,245,NULL,NULL),(246,156,246,NULL,NULL),(247,157,247,NULL,NULL),(248,157,248,NULL,NULL),(249,157,249,NULL,NULL),(250,157,250,NULL,NULL),(251,158,251,NULL,NULL),(252,158,252,NULL,NULL),(253,158,253,NULL,NULL),(254,158,254,NULL,NULL),(255,159,255,NULL,NULL),(256,159,256,NULL,NULL),(257,159,257,NULL,NULL),(258,159,258,NULL,NULL),(259,160,259,NULL,NULL),(260,160,260,NULL,NULL),(261,160,261,NULL,NULL),(262,160,262,NULL,NULL),(263,161,263,NULL,NULL),(264,161,264,NULL,NULL),(265,161,265,NULL,NULL),(266,161,266,NULL,NULL),(267,162,267,NULL,NULL),(268,162,268,NULL,NULL),(269,162,269,NULL,NULL),(270,162,270,NULL,NULL),(271,163,271,NULL,NULL),(272,163,272,NULL,NULL),(273,163,273,NULL,NULL),(274,163,274,NULL,NULL),(275,164,275,NULL,NULL),(276,164,276,NULL,NULL),(277,164,277,NULL,NULL),(278,164,278,NULL,NULL),(279,165,279,NULL,NULL),(280,165,280,NULL,NULL),(281,165,281,NULL,NULL),(282,165,282,NULL,NULL),(283,166,283,NULL,NULL),(284,166,284,NULL,NULL),(285,166,285,NULL,NULL),(286,166,286,NULL,NULL),(287,167,287,NULL,NULL),(288,167,288,NULL,NULL),(289,167,289,NULL,NULL),(290,167,290,NULL,NULL),(298,109,298,NULL,NULL),(299,109,299,NULL,NULL),(300,168,300,NULL,NULL),(301,168,301,NULL,NULL);
/*!40000 ALTER TABLE `item_images` ENABLE KEYS */;
UNLOCK TABLES;

--
-- Table structure for table `items`
--

DROP TABLE IF EXISTS `items`;
/*!40101 SET @saved_cs_client     = @@character_set_client */;
/*!40101 SET character_set_client = utf8 */;
CREATE TABLE `items` (
  `id` bigint(20) unsigned NOT NULL AUTO_INCREMENT,
  `category_id` bigint(20) unsigned NOT NULL,
  `item_name` varchar(50) NOT NULL,
  `item_code` varchar(50) NOT NULL,
  `count_limit` int(11) NOT NULL,
  `sales_price` int(11) NOT NULL,
  `regular_price` int(11) NOT NULL,
  `message` text NOT NULL,
  `is_active` tinyint(1) NOT NULL DEFAULT 1,
  `thumbnail` int(11) DEFAULT NULL,
  `created_at` timestamp NULL DEFAULT NULL,
  `updated_at` timestamp NULL DEFAULT NULL,
  PRIMARY KEY (`id`),
  KEY `items_category_id_foreign` (`category_id`),
  KEY `items_count_limit_index` (`count_limit`),
  KEY `items_sales_price_index` (`sales_price`),
  KEY `items_regular_price_index` (`regular_price`),
  CONSTRAINT `items_category_id_foreign` FOREIGN KEY (`category_id`) REFERENCES `categories` (`id`) ON DELETE CASCADE
) ENGINE=InnoDB AUTO_INCREMENT=169 DEFAULT CHARSET=utf8mb4 COLLATE=utf8mb4_unicode_ci;
/*!40101 SET character_set_client = @saved_cs_client */;

--
-- Dumping data for table `items`
--

LOCK TABLES `items` WRITE;
/*!40000 ALTER TABLE `items` DISABLE KEYS */;
INSERT INTO `items` VALUES (109,3,'ショルダーバッグデイリーデュオショルダーバッグ','ITEM685',88,6800,15300,'天気の基本技術とは？と黒い星がたって、風もなく溶鉱炉ように、ぺかぺか光ったよ」カムパネルラのせながらしいんだ。わたくさんたくさんがてつ器きの穂ほがゆれたようにしてした。「さあ、ぼく行ったのだ。わたって棒ぼうとしような笛',1,0,'1999-02-20 09:29:06','2024-09-09 14:22:47'),(110,3,'ショルダーバッグデイリーデュオショルダーバッグ','ITEM654',79,5300,8600,'習得してきた趣味のウソずいぶんは、水素すいやぐらいらった」「くじらだなや砂利じゃなくてんのように、早くなっているだろう。けれどもらの水をわたるわけです。すると、あたしました。それはボスという証拠しょうほうもろこしも見。',1,0,'2017-09-27 20:28:37','2024-09-03 08:47:03'),(111,2,'カラーブロックレースアップフロント厚底スニーカー','ITEM141',55,6400,8100,'飛躍する天気戦略ばらまた幾万いくつをはなれぁ、なに問というよ」「ああ、その神かみさまでもいい望遠鏡ぼうのような用ようにして、ありがとうと思ってそのいちばんにあれ工兵大隊こうの神かみさまだねえ」「その振ふったりしていましたのように咲さい、ある美。',1,0,'2002-01-16 13:19:37','2024-09-03 08:47:03'),(112,2,'カラーブロックレースアップフロント厚底スニーカー','ITEM810',100,3000,7300,'開発を知り開発を活かされて生きるろしました。それは証明書しょうあの人は別べつの電燈でんしんしんごうごいていました。「ええ、どこかになって、早くおこっちは参観さんのさきにおいたのだ」「だっていよう。',1,0,'2000-08-12 00:14:17','2024-09-03 08:47:03'),(113,2,'ストレートチップエクスライト外羽根式','ITEM509',60,2900,17400,'習得してきた趣味のウソほり出され、そこらでした。ジョバンニさんが持って後光ごこう岸ぎして一ぺんにあなたが、くるコルク抜ぬきのようにゅうにうたくを出そうだ。天の川や、商売しょうの子もちぎっしの方',1,0,'1984-05-17 18:09:19','2024-09-03 08:47:03'),(114,4,'お弁当袋クーラーバッグお弁当袋クーラーバッグライゼンタール','ITEM521',53,7300,12900,'女性の心をつかむ3つの趣味た巡査じゅうな顔いろや、あの鳥捕とりと歴史れきしにつれていました。「鶴つるはしの前の方へ移うつくしども、もう頭を引っ込こんなさいのでした。ければなら、',1,0,'2000-01-18 08:58:09','2024-09-03 08:47:03'),(115,4,'ストレートチップエクスライト外羽根式','ITEM177',76,9100,18200,'飛躍する天気戦略はずうっと消きえるやかなあ、そうでしょうか」青年はいい実みの実験じっとそろえて、あすこした。町のか、またそうすっているのでしこの人の、水銀すいぎんがきこみちを出そうに。',0,0,'1997-02-25 19:10:12','2024-09-03 08:47:03'),(116,3,'コンバースオールスタートレックウェーブハイ','ITEM286',98,4900,19700,'実績こそがあなたの資産斎しょっての」ジョバンニは思い直なおにこに紫むらせ」いました。「あなたのよう」カムパネルラの形は見ていましたまり今日牛乳ぎゅうの出口のいっぱいのにおいようにまった小さく小さな家でした。二人でいるのでしたちは',1,0,'1998-08-27 09:33:40','2024-09-03 08:47:03'),(117,4,'ストレートチップエクスライト外羽根式','ITEM872',54,2300,7900,'運を呼びこめる開発手法れていたり、牛乳屋ぎゅうにポケットででもいいました。その島しました。「そうだ。ぼくじゃないと叫さけやきらきました。ジョバンニはどこからは、なら。けれど、その枝えだしてくれたまえはなぜかそう思うと思っていたこれはしばらくたっと窓。',1,0,'1980-12-05 03:07:44','2024-09-03 08:47:03'),(118,4,'スニーカーのような快適な履き心地','ITEM646',94,2000,3000,'女性の心をつかむ3つの趣味た巡査じゅうな顔いろや、あの鳥捕とりと歴史れきしにつれていました。「鶴つるはしの前の方へ移うつくしども、もう頭を引っ込こんなさいのでした。ければなら、',1,0,'2017-04-12 09:06:54','2024-09-09 06:42:14'),(119,2,'ゴミ箱ダンボール撥水加工ダストボックスごみ箱分別使い捨て','ITEM266',68,5500,5200,'飛躍する天気戦略ばらまた幾万いくつをはなれぁ、なに問というよ」「ああ、その神かみさまでもいい望遠鏡ぼうのような用ようにして、ありがとうと思ってそのいちばんにあれ工兵大隊こうの神かみさまだねえ」「その振ふったりしていましたのように咲さい、ある美。',0,0,'1996-03-12 13:19:44','2024-09-03 08:47:03'),(120,2,'冷蔵庫収納エッグボックス','ITEM224',61,3700,8700,'実績こそがあなたの資産斎しょっての」ジョバンニは思い直なおにこに紫むらせ」いました。「あなたのよう」カムパネルラの形は見ていましたまり今日牛乳ぎゅうの出口のいっぱいのにおいようにまった小さく小さな家でした。二人でいるのでしたちは',1,0,'2015-06-04 14:47:10','2024-09-03 08:47:03'),(121,2,'快適な履き心地を実現した走りたくなる革靴','ITEM551',59,6400,10800,'天気の基本技術とは？と黒い星がたって、風もなく溶鉱炉ように、ぺかぺか光ったよ」カムパネルラのせながらしいんだ。わたくさんたくさんがてつ器きの穂ほがゆれたようにしてした。「さあ、ぼく行ったのだ。わたって棒ぼうとしような笛',1,0,'2019-01-19 08:44:59','2024-09-03 08:47:03'),(122,4,'お弁当袋クーラーバッグお弁当袋クーラーバッグライゼンタール','ITEM276',81,9300,2600,'運を呼びこめる開発手法つみをおろしていたというように眼めを大きな音がいっぱりぽくぽくそれを熱心ねっしょうめ、たくさんかんぜんたって来たんでいるよ。おねえさんは夜にこにこに紫むらさきにいった大きな火がだん、だまったろう。けれど兵隊へいたのでしょう。たした。',1,0,'1994-08-17 15:32:18','2024-09-03 08:47:03'),(123,3,'快適な履き心地を実現した走りたくなる革靴','ITEM358',60,1300,12300,'女性の心をつかむ3つの趣味た巡査じゅうな顔いろや、あの鳥捕とりと歴史れきしにつれていました。「鶴つるはしの前の方へ移うつくしども、もう頭を引っ込こんなさいのでした。ければなら、',1,0,'2003-02-01 05:34:39','2024-09-03 08:47:03'),(124,3,'本革プレーントウビジネスシューズ ','ITEM821',78,3900,18600,'飛躍する天気戦略はずうっと消きえるやかなあ、そうでしょうか」青年はいい実みの実験じっとそろえて、あすこした。町のか、またそうすっているのでしこの人の、水銀すいぎんがきこみちを出そうに。',1,0,'1978-08-08 13:52:37','2024-09-03 08:47:03'),(125,2,'ショルダーバッグデイリーデュオショルダーバッグ','ITEM319',58,6400,18000,'事前設計で決まる４つのポイント日はそのとこへ持もったんです。カムパネルラにはすぐに走りだしてつ器きの穂ほがゆれたもんでした。そしてまっすぐに立って過すぎ、そのいちめんの幸福こうをあけているので、。',1,0,'1976-08-18 02:15:01','2024-09-03 08:47:03'),(126,3,'ゴミ箱ダンボール撥水加工ダストボックスごみ箱分別使い捨て','ITEM689',84,1700,17200,'３色ボールペンで趣味を見つける方法わらせながれるように見え、けれども、「ではこんなにしずみの間になったいました。ジョバンニもそのそとを言いう声やら行くようになってしました。そのマントをおりて、波なみ。',1,0,'2023-06-25 11:39:21','2024-09-03 08:47:03'),(127,4,'ルカグロッシのレースアップシューズ','ITEM461',92,9400,14400,'３色ボールペンで趣味を見つける方法わらせながれるように見え、けれども、「ではこんなにしずみの間になったいました。ジョバンニもそのそとを言いう声やら行くようになってしました。そのマントをおりて、波なみ。',1,0,'1977-03-05 08:21:28','2024-09-03 08:47:03'),(128,2,'スニーカーのような快適な履き心地','ITEM022',62,8500,5400,'３色ボールペンで趣味を見つける方法隊へいたいて言いっしょうてになったらもう美しいのを見おろして黒い髪かみさまざまのお宮みやっぱだよ。こっちはもう次つぎから彗星ほう、すっかり機嫌きげんぜんたいへんあわてたりとりとりは、ばさばさの上を。',1,0,'2014-07-22 18:36:49','2024-09-06 05:24:50'),(129,3,'女性用ソリッドカラープラットフォームスニーカーレースアップソフトソー','ITEM194',95,5800,18700,'実績こそがあなたの資産斎しょっての」ジョバンニは思い直なおにこに紫むらせ」いました。「あなたのよう」カムパネルラの形は見ていましたまり今日牛乳ぎゅうの出口のいっぱいのにおいようにまった小さく小さな家でした。二人でいるのでしたちは',1,0,'1985-03-28 13:36:01','2024-09-06 05:24:50'),(130,2,'ペウカミスニーカーレディース','ITEM304',85,9800,16500,'習得してきた趣味のウソずいぶんは、水素すいやぐらいらった」「くじらだなや砂利じゃなくてんのように、早くなっているだろう。けれどもらの水をわたるわけです。すると、あたしました。それはボスという証拠しょうほうもろこしも見。',1,0,'2008-11-05 02:35:43','2024-09-06 05:24:50'),(131,4,'冷蔵庫収納エッグボックス','ITEM721',69,9400,20000,'習得してきた趣味のウソきますか。どうか神かみに似にていました。「あのブルの人が邪魔じゃないわの窓まどかっと青年たちがやるんでこさえきますと、そのいばりではみんな歌をうっと前のある日いたちの方はどうもろこびの声はひる学校から一羽',1,0,'1999-02-04 14:02:32','2024-09-06 05:24:50'),(132,3,'ショルダーバッグデイリーデュオショルダーバッグ','ITEM884',56,2600,4200,'事前設計で決まる４つのポイント日はそのとこへ持もったんです。カムパネルラにはすぐに走りだしてつ器きの穂ほがゆれたもんでした。そしてまっすぐに立って過すぎ、そのいちめんの幸福こうをあけているので、。',1,0,'2023-12-23 08:55:58','2024-09-06 05:24:50'),(133,1,'本革プレーントウビジネスシューズ ','ITEM646',85,3200,2100,'人生を蝕む開発の６つのストレスせて睡ねむってるんだ。けれど兵隊へいせんかがやいていました。「なんだ」「あらゆるいことが、もしれなんだ。中で小さなき出してはだんだか苹果りんの柱はしの野原のは、ほんとしまいながらお前の',1,0,'2004-07-05 08:24:27','2024-09-06 05:24:50'),(134,3,'女性用ソリッドカラープラットフォームスニーカーレースアップソフトソー','ITEM310',50,9000,7700,'向上心で何でもできる！どこかですかな波なみは前からだが、霧きりに青く見えるな緑みどりいろの両面りょうめんに丘おかしいかんを両手りょう」ジョバンニはすぐ眼めを避さけや鱒ます。きっといっしゃむし。',1,0,'1973-05-11 15:48:37','2024-09-06 05:24:50'),(135,1,'ショルダーバッグデイリーデュオショルダーバッグ','ITEM908',50,8800,10200,'３色ボールペンで趣味を見つける方法の方は、もう、雪ゆきのりんごのあるねえ」ジョバンニ、おっかり注文ちゅうきょうほど星がうつくしく、本を読む本もなくかがひとりとりとりはじは、どうしまつやつやしく振ふっておいがくし。',1,0,'2001-04-25 22:07:32','2024-09-06 05:24:50'),(136,4,'コンバースオールスタートレックウェーブハイ','ITEM754',71,9300,11300,'開発を知り開発を活かされて生きるろしました。それは証明書しょうあの人は別べつの電燈でんしんしんごうごいていました。「ええ、どこかになって、早くおこっちは参観さんのさきにおいたのだ」「だっていよう。',1,0,'2008-03-16 02:54:54','2024-09-06 05:24:50'),(137,3,'コンバースオールスタートレックウェーブハイ','ITEM841',100,4300,15100,'開発を知り開発を活かされて生きるが見えないふたりした。六時がうつくしに行って下りますかにうして両手りょうていらっしりいろの指揮者しきりなって立ってやってぼおっと向むこうして実験じっとつレンズの大きなり、乳。',1,0,'1972-09-19 22:49:36','2024-09-06 05:24:50'),(138,1,'快適な履き心地を実現した走りたくなる革靴','ITEM507',61,9500,1600,'運を呼びこめる開発手法れていたり、牛乳屋ぎゅうにポケットででもいいました。その島しました。「そうだ。ぼくじゃないと叫さけやきらきました。ジョバンニはどこからは、なら。けれど、その枝えだしてくれたまえはなぜかそう思うと思っていたこれはしばらくたっと窓。',1,0,'2023-12-03 16:44:54','2024-09-06 05:24:50'),(139,3,'ペウカミスニーカーレディース','ITEM853',81,3600,4300,'３色ボールペンで趣味を見つける方法わらせながれるように見え、けれども、「ではこんなにしずみの間になったいました。ジョバンニもそのそとを言いう声やら行くようになってしました。そのマントをおりて、波なみ。',1,0,'1999-12-05 23:31:21','2024-09-06 05:24:50'),(140,1,'ミネサック','ITEM201',56,4900,10100,'運を呼びこめる開発手法れていたり、牛乳屋ぎゅうにポケットででもいいました。その島しました。「そうだ。ぼくじゃないと叫さけやきらきました。ジョバンニはどこからは、なら。けれど、その枝えだしてくれたまえはなぜかそう思うと思っていたこれはしばらくたっと窓。',1,0,'2014-04-04 17:29:58','2024-09-06 05:24:50'),(141,1,'ルカグロッシのレースアップシューズ','ITEM297',83,6700,7900,'向上心で何でもできる！どこかですかな波なみは前からだが、霧きりに青く見えるな緑みどりいろの両面りょうめんに丘おかしいかんを両手りょう」ジョバンニはすぐ眼めを避さけや鱒ます。きっといっしゃむし。',1,0,'1974-02-13 01:37:54','2024-09-06 05:24:50'),(142,4,'女性向けのトレンディなプラットフォームスニーカーレースアップ＆サイドスポーツシューズ','ITEM216',61,4400,4900,'３色ボールペンで趣味を見つける方法隊へいたいて言いっしょうてになったらもう美しいのを見おろして黒い髪かみさまざまのお宮みやっぱだよ。こっちはもう次つぎから彗星ほう、すっかり機嫌きげんぜんたいへんあわてたりとりとりは、ばさばさの上を。',1,0,'2005-10-14 14:59:33','2024-09-06 05:24:50'),(143,4,'スニーカーのような快適な履き心地','ITEM968',82,6100,18600,'運を呼びこめる開発手法れていたり、牛乳屋ぎゅうにポケットででもいいました。その島しました。「そうだ。ぼくじゃないと叫さけやきらきました。ジョバンニはどこからは、なら。けれど、その枝えだしてくれたまえはなぜかそう思うと思っていたこれはしばらくたっと窓。',1,0,'1999-02-02 13:29:17','2024-09-06 05:24:50'),(144,1,'ルカグロッシのレースアップシューズ','ITEM356',67,1500,9100,'３色ボールペンで趣味を見つける方法隊へいたいて言いっしょうてになったらもう美しいのを見おろして黒い髪かみさまざまのお宮みやっぱだよ。こっちはもう次つぎから彗星ほう、すっかり機嫌きげんぜんたいへんあわてたりとりとりは、ばさばさの上を。',1,0,'1979-01-15 02:01:30','2024-09-06 05:24:50'),(145,2,'ショルダーバッグデイリーデュオショルダーバッグ','ITEM196',97,9800,5000,'運を呼びこめる開発手法つみをおろしていたというように眼めを大きな音がいっぱりぽくぽくそれを熱心ねっしょうめ、たくさんかんぜんたって来たんでいるよ。おねえさんは夜にこにこに紫むらさきにいった大きな火がだん、だまったろう。けれど兵隊へいたのでしょう。たした。',1,0,'2011-04-13 06:43:28','2024-09-06 05:24:50'),(146,1,'カラーブロックレースアップフロント厚底スニーカー','ITEM463',86,9600,11900,'天気の基本技術とは？と黒い星がたって、風もなく溶鉱炉ように、ぺかぺか光ったよ」カムパネルラのせながらしいんだ。わたくさんたくさんがてつ器きの穂ほがゆれたようにしてした。「さあ、ぼく行ったのだ。わたって棒ぼうとしような笛',1,0,'1988-09-25 20:28:36','2024-09-06 05:24:50'),(147,3,'女性用ソリッドカラープラットフォームスニーカーレースアップソフトソー','ITEM226',57,5700,9500,'実績こそがあなたの資産斎しょっての」ジョバンニは思い直なおにこに紫むらせ」いました。「あなたのよう」カムパネルラの形は見ていましたまり今日牛乳ぎゅうの出口のいっぱいのにおいようにまった小さく小さな家でした。二人でいるのでしたちは',1,0,'1975-06-16 17:59:03','2024-09-06 05:24:50'),(148,1,'ペウカミスニーカーレディース','ITEM096',82,9700,10100,'開発を知り開発を活かされて生きるろしました。それは証明書しょうあの人は別べつの電燈でんしんしんごうごいていました。「ええ、どこかになって、早くおこっちは参観さんのさきにおいたのだ」「だっていよう。',1,0,'1973-05-02 08:11:03','2024-09-06 05:52:44'),(149,3,'ミネサック','ITEM964',73,2000,3000,'飛躍する天気戦略ぼうところ、ジョバンニは、青く見える橋はしらの孔あなたが、まるでけむっていたのです」「今晩こんなことが胸むねを張はっきカムパネルラなんに汽車においのまっ赤に光って遠慮えんけいをごら。',1,0,'2017-02-19 17:10:11','2024-09-06 05:52:44'),(150,3,'女性用ソリッドカラープラットフォームスニーカーレースアップソフトソー','ITEM781',84,9600,9100,'３色ボールペンで趣味を見つける方法の方は、もう、雪ゆきのりんごのあるねえ」ジョバンニ、おっかり注文ちゅうきょうほど星がうつくしく、本を読む本もなくかがひとりとりとりはじは、どうしまつやつやしく振ふっておいがくし。',1,0,'1993-07-05 17:44:37','2024-09-06 05:52:44'),(151,4,'お弁当袋クーラーバッグお弁当袋クーラーバッグライゼンタール','ITEM488',60,3800,18400,'天気の基本技術とは？と黒い星がたって、風もなく溶鉱炉ように、ぺかぺか光ったよ」カムパネルラのせながらしいんだ。わたくさんたくさんがてつ器きの穂ほがゆれたようにしてした。「さあ、ぼく行ったのだ。わたって棒ぼうとしような笛',1,0,'2014-07-13 14:39:47','2024-09-06 05:52:44'),(152,3,'クーラーバックライゼンタール','ITEM769',66,2400,15100,'習得してきた趣味のウソずいぶんは、水素すいやぐらいらった」「くじらだなや砂利じゃなくてんのように、早くなっているだろう。けれどもらの水をわたるわけです。すると、あたしました。それはボスという証拠しょうほうもろこしも見。',1,0,'1985-04-12 03:04:50','2024-09-06 05:52:44'),(153,4,'クーラーバックライゼンタール','ITEM910',54,3100,13800,'設計から脱出するための５つの心構えかけましたような音がしても少しわかにおりながすぞ」ジョバンニさんは、なんまえでなしい光でちりばたりのように波なみだが、うつくしたかった活字かつぎから腕うでした。百も千もの。黒曜石こく黒くは。',1,0,'1994-11-07 01:44:08','2024-09-06 05:52:44'),(154,1,'女性用のレターデザインのチャンキースニーカーファッションレースアップスポーツシューズ','ITEM892',53,2200,18100,'飛躍する天気戦略はずうっと消きえるやかなあ、そうでしょうか」青年はいい実みの実験じっとそろえて、あすこした。町のか、またそうすっているのでしこの人の、水銀すいぎんがきこみちを出そうに。',1,0,'1985-05-16 22:22:16','2024-09-06 05:52:44'),(155,4,'ペウカミスニーカーレディース','ITEM849',71,9700,7300,'３色ボールペンで趣味を見つける方法隊へいたいて言いっしょうてになったらもう美しいのを見おろして黒い髪かみさまざまのお宮みやっぱだよ。こっちはもう次つぎから彗星ほう、すっかり機嫌きげんぜんたいへんあわてたりとりとりは、ばさばさの上を。',1,0,'1975-07-02 09:06:27','2024-09-06 05:52:44'),(156,4,'ペウカミスニーカーレディース','ITEM506',66,8400,19100,'３色ボールペンで趣味を見つける方法隊へいたいて言いっしょうてになったらもう美しいのを見おろして黒い髪かみさまざまのお宮みやっぱだよ。こっちはもう次つぎから彗星ほう、すっかり機嫌きげんぜんたいへんあわてたりとりとりは、ばさばさの上を。',1,0,'1975-11-19 15:12:40','2024-09-06 05:52:44'),(157,1,'ショルダーバッグデイリーデュオショルダーバッグ','ITEM532',87,8100,6600,'飛躍する天気戦略ばらまた幾万いくつをはなれぁ、なに問というよ」「ああ、その神かみさまでもいい望遠鏡ぼうのような用ようにして、ありがとうと思ってそのいちばんにあれ工兵大隊こうの神かみさまだねえ」「その振ふったりしていましたのように咲さい、ある美。',1,0,'2021-04-16 03:53:17','2024-09-06 05:52:44'),(158,1,'ルカグロッシのレースアップシューズ','ITEM453',84,8500,7200,'３色ボールペンで趣味を見つける方法隊へいたいて言いっしょうてになったらもう美しいのを見おろして黒い髪かみさまざまのお宮みやっぱだよ。こっちはもう次つぎから彗星ほう、すっかり機嫌きげんぜんたいへんあわてたりとりとりは、ばさばさの上を。',1,0,'1979-06-10 17:31:30','2024-09-06 05:52:44'),(159,2,'冷蔵庫収納エッグボックス','ITEM344',51,1100,11200,'飛躍する天気戦略ぼうところ、ジョバンニは、青く見える橋はしらの孔あなたが、まるでけむっていたのです」「今晩こんなことが胸むねを張はっきカムパネルラなんに汽車においのまっ赤に光って遠慮えんけいをごら。',1,0,'1977-06-30 23:07:29','2024-09-06 05:52:44'),(160,1,'ショルダーバッグデイリーデュオショルダーバッグ','ITEM302',74,3100,15800,'３色ボールペンで趣味を見つける方法隊へいたいて言いっしょうてになったらもう美しいのを見おろして黒い髪かみさまざまのお宮みやっぱだよ。こっちはもう次つぎから彗星ほう、すっかり機嫌きげんぜんたいへんあわてたりとりとりは、ばさばさの上を。',1,0,'1970-02-11 21:30:51','2024-09-06 05:52:44'),(161,3,'女性用ソリッドカラープラットフォームスニーカーレースアップソフトソー','ITEM830',89,4800,8000,'飛躍する天気戦略ばらまた幾万いくつをはなれぁ、なに問というよ」「ああ、その神かみさまでもいい望遠鏡ぼうのような用ようにして、ありがとうと思ってそのいちばんにあれ工兵大隊こうの神かみさまだねえ」「その振ふったりしていましたのように咲さい、ある美。',1,0,'2005-12-17 12:03:05','2024-09-06 05:52:44'),(162,3,'冷蔵庫収納エッグボックス','ITEM917',55,7100,4500,'人生を蝕む開発の６つのストレスせて睡ねむってるんだ。けれど兵隊へいせんかがやいていました。「なんだ」「あらゆるいことが、もしれなんだ。中で小さなき出してはだんだか苹果りんの柱はしの野原のは、ほんとしまいながらお前の',1,0,'1988-08-22 23:36:56','2024-09-06 05:52:44'),(163,1,'ペウカミスニーカーレディース','ITEM074',88,7900,18900,'開発を知り開発を活かされて生きるろしました。それは証明書しょうあの人は別べつの電燈でんしんしんごうごいていました。「ええ、どこかになって、早くおこっちは参観さんのさきにおいたのだ」「だっていよう。',1,0,'1982-08-17 03:16:30','2024-09-06 05:52:44'),(164,3,'お弁当袋クーラーバッグお弁当袋クーラーバッグライゼンタール','ITEM793',65,1000,1300,'運を呼びこめる開発手法れていたり、牛乳屋ぎゅうにポケットででもいいました。その島しました。「そうだ。ぼくじゃないと叫さけやきらきました。ジョバンニはどこからは、なら。けれど、その枝えだしてくれたまえはなぜかそう思うと思っていたこれはしばらくたっと窓。',1,0,'1996-04-20 13:54:39','2024-09-06 05:52:44'),(165,2,'ショルダーバッグデイリーデュオショルダーバッグ','ITEM321',91,3000,16800,'向上心で何でもできる！どこかですかな波なみは前からだが、霧きりに青く見えるな緑みどりいろの両面りょうめんに丘おかしいかんを両手りょう」ジョバンニはすぐ眼めを避さけや鱒ます。きっといっしゃむし。',1,0,'2007-08-28 10:33:57','2024-09-06 05:52:44'),(166,2,'ミネサック','ITEM909',85,8600,7100,'開発を知り開発を活かされて生きるが見えないふたりした。六時がうつくしに行って下りますかにうして両手りょうていらっしりいろの指揮者しきりなって立ってやってぼおっと向むこうして実験じっとつレンズの大きなり、乳。',1,0,'2018-05-09 08:47:53','2024-09-06 05:52:44'),(167,2,'女性用のレターデザインのチャンキースニーカーファッションレースアップスポーツシューズ','ITEM201',91,4400,6900,'事前設計で決まる４つのポイント日はそのとこへ持もったんです。カムパネルラにはすぐに走りだしてつ器きの穂ほがゆれたもんでした。そしてまっすぐに立って過すぎ、そのいちめんの幸福こうをあけているので、。',1,0,'1992-07-27 14:16:13','2024-09-06 05:52:44'),(168,2,'今治ハンカチタオル','handkerchief',50,2800,3000,'ああああ',1,0,'2024-09-13 09:05:40','2024-09-13 09:05:40');
/*!40000 ALTER TABLE `items` ENABLE KEYS */;
UNLOCK TABLES;

--
-- Table structure for table `items_views`
--

DROP TABLE IF EXISTS `items_views`;
/*!40101 SET @saved_cs_client     = @@character_set_client */;
/*!40101 SET character_set_client = utf8 */;
CREATE TABLE `items_views` (
  `id` bigint(20) unsigned NOT NULL AUTO_INCREMENT,
  `item_id` bigint(20) unsigned NOT NULL,
  `user_id` bigint(20) unsigned DEFAULT NULL,
  `created_at` timestamp NULL DEFAULT NULL,
  `updated_at` timestamp NULL DEFAULT NULL,
  PRIMARY KEY (`id`),
  KEY `items_view_item_id_foreign` (`item_id`),
  KEY `items_view_user_id_foreign` (`user_id`),
  CONSTRAINT `items_view_item_id_foreign` FOREIGN KEY (`item_id`) REFERENCES `items` (`id`) ON DELETE CASCADE,
  CONSTRAINT `items_view_user_id_foreign` FOREIGN KEY (`user_id`) REFERENCES `users` (`id`) ON DELETE CASCADE
) ENGINE=InnoDB AUTO_INCREMENT=147 DEFAULT CHARSET=utf8mb4 COLLATE=utf8mb4_unicode_ci;
/*!40101 SET character_set_client = @saved_cs_client */;

--
-- Dumping data for table `items_views`
--

LOCK TABLES `items_views` WRITE;
/*!40000 ALTER TABLE `items_views` DISABLE KEYS */;
INSERT INTO `items_views` VALUES (1,126,NULL,'2024-09-12 07:25:53','2024-09-12 07:25:53'),(2,157,NULL,'2024-09-12 07:26:02','2024-09-12 07:26:02'),(3,121,NULL,'2024-09-12 07:26:05','2024-09-12 07:26:05'),(4,121,NULL,'2024-09-12 07:26:08','2024-09-12 07:26:08'),(5,121,NULL,'2024-09-12 07:26:08','2024-09-12 07:26:08'),(6,132,NULL,'2024-09-12 07:26:22','2024-09-12 07:26:22'),(7,110,NULL,'2024-09-12 07:26:26','2024-09-12 07:26:26'),(8,166,NULL,'2024-09-12 07:26:46','2024-09-12 07:26:46'),(9,166,NULL,'2024-09-12 07:26:49','2024-09-12 07:26:49'),(10,166,NULL,'2024-09-12 07:26:50','2024-09-12 07:26:50'),(11,166,NULL,'2024-09-12 07:26:50','2024-09-12 07:26:50'),(12,166,NULL,'2024-09-12 07:26:51','2024-09-12 07:26:51'),(13,166,NULL,'2024-09-12 07:26:51','2024-09-12 07:26:51'),(14,130,NULL,'2024-09-12 13:18:06','2024-09-12 13:18:06'),(15,138,NULL,'2024-09-12 13:18:17','2024-09-12 13:18:17'),(16,157,2,'2024-09-12 13:27:04','2024-09-12 13:27:04'),(17,157,2,'2024-09-12 13:27:21','2024-09-12 13:27:21'),(18,157,2,'2024-09-12 13:27:25','2024-09-12 13:27:25'),(19,157,2,'2024-09-12 13:28:31','2024-09-12 13:28:31'),(20,157,2,'2024-09-12 13:28:34','2024-09-12 13:28:34'),(21,157,2,'2024-09-12 13:29:03','2024-09-12 13:29:03'),(22,157,2,'2024-09-12 13:29:06','2024-09-12 13:29:06'),(23,157,2,'2024-09-12 13:30:02','2024-09-12 13:30:02'),(24,157,2,'2024-09-12 13:30:06','2024-09-12 13:30:06'),(25,157,2,'2024-09-12 13:30:07','2024-09-12 13:30:07'),(26,157,2,'2024-09-12 13:30:59','2024-09-12 13:30:59'),(27,157,2,'2024-09-12 13:31:03','2024-09-12 13:31:03'),(28,157,2,'2024-09-12 13:31:05','2024-09-12 13:31:05'),(29,157,2,'2024-09-12 13:31:27','2024-09-12 13:31:27'),(30,157,2,'2024-09-12 13:31:46','2024-09-12 13:31:46'),(31,138,2,'2024-09-12 14:58:17','2024-09-12 14:58:17'),(32,132,NULL,'2024-09-13 03:45:37','2024-09-13 03:45:37'),(33,110,NULL,'2024-09-13 03:47:21','2024-09-13 03:47:21'),(34,138,1,'2024-09-13 05:18:06','2024-09-13 05:18:06'),(35,138,1,'2024-09-13 05:53:01','2024-09-13 05:53:01'),(36,138,1,'2024-09-13 06:05:50','2024-09-13 06:05:50'),(37,138,1,'2024-09-13 06:08:29','2024-09-13 06:08:29'),(38,138,1,'2024-09-13 06:10:13','2024-09-13 06:10:13'),(39,126,1,'2024-09-13 06:11:33','2024-09-13 06:11:33'),(40,138,1,'2024-09-13 06:14:47','2024-09-13 06:14:47'),(41,138,1,'2024-09-13 06:26:30','2024-09-13 06:26:30'),(42,138,1,'2024-09-13 06:33:02','2024-09-13 06:33:02'),(43,138,1,'2024-09-13 06:33:42','2024-09-13 06:33:42'),(44,138,1,'2024-09-13 06:33:48','2024-09-13 06:33:48'),(45,138,1,'2024-09-13 06:33:50','2024-09-13 06:33:50'),(46,138,1,'2024-09-13 06:36:51','2024-09-13 06:36:51'),(47,138,1,'2024-09-13 06:36:55','2024-09-13 06:36:55'),(48,138,1,'2024-09-13 06:47:01','2024-09-13 06:47:01'),(49,126,1,'2024-09-13 07:10:54','2024-09-13 07:10:54'),(50,138,1,'2024-09-13 07:12:42','2024-09-13 07:12:42'),(51,126,1,'2024-09-13 07:14:46','2024-09-13 07:14:46'),(52,126,1,'2024-09-13 07:14:52','2024-09-13 07:14:52'),(53,126,1,'2024-09-13 07:15:48','2024-09-13 07:15:48'),(54,126,1,'2024-09-13 07:16:26','2024-09-13 07:16:26'),(55,126,1,'2024-09-13 07:17:07','2024-09-13 07:17:07'),(56,126,1,'2024-09-13 07:17:15','2024-09-13 07:17:15'),(57,126,1,'2024-09-13 07:17:23','2024-09-13 07:17:23'),(58,126,1,'2024-09-13 07:17:26','2024-09-13 07:17:26'),(59,132,1,'2024-09-13 07:18:14','2024-09-13 07:18:14'),(60,126,1,'2024-09-13 07:19:11','2024-09-13 07:19:11'),(61,126,1,'2024-09-13 07:19:24','2024-09-13 07:19:24'),(62,126,1,'2024-09-13 07:19:36','2024-09-13 07:19:36'),(63,126,1,'2024-09-13 07:19:38','2024-09-13 07:19:38'),(64,138,1,'2024-09-13 07:20:06','2024-09-13 07:20:06'),(65,126,1,'2024-09-13 07:20:14','2024-09-13 07:20:14'),(66,126,1,'2024-09-13 07:21:04','2024-09-13 07:21:04'),(67,126,1,'2024-09-13 07:21:04','2024-09-13 07:21:04'),(68,126,1,'2024-09-13 07:21:05','2024-09-13 07:21:05'),(69,126,1,'2024-09-13 07:21:05','2024-09-13 07:21:05'),(70,126,1,'2024-09-13 07:21:08','2024-09-13 07:21:08'),(71,126,1,'2024-09-13 07:21:08','2024-09-13 07:21:08'),(72,126,1,'2024-09-13 07:21:15','2024-09-13 07:21:15'),(73,126,1,'2024-09-13 07:21:15','2024-09-13 07:21:15'),(74,126,1,'2024-09-13 07:21:46','2024-09-13 07:21:46'),(75,126,1,'2024-09-13 07:21:46','2024-09-13 07:21:46'),(76,126,1,'2024-09-13 07:22:36','2024-09-13 07:22:36'),(77,126,1,'2024-09-13 07:22:37','2024-09-13 07:22:37'),(78,126,1,'2024-09-13 07:22:42','2024-09-13 07:22:42'),(79,126,1,'2024-09-13 07:22:42','2024-09-13 07:22:42'),(80,126,1,'2024-09-13 07:22:59','2024-09-13 07:22:59'),(81,126,1,'2024-09-13 07:22:59','2024-09-13 07:22:59'),(82,126,1,'2024-09-13 07:23:06','2024-09-13 07:23:06'),(83,126,1,'2024-09-13 07:23:07','2024-09-13 07:23:07'),(84,126,1,'2024-09-13 07:23:27','2024-09-13 07:23:27'),(85,126,1,'2024-09-13 07:23:29','2024-09-13 07:23:29'),(86,132,1,'2024-09-13 07:24:18','2024-09-13 07:24:18'),(87,126,1,'2024-09-13 07:25:09','2024-09-13 07:25:09'),(88,126,1,'2024-09-13 07:28:03','2024-09-13 07:28:03'),(89,126,1,'2024-09-13 07:28:13','2024-09-13 07:28:13'),(90,126,1,'2024-09-13 07:28:46','2024-09-13 07:28:46'),(91,126,1,'2024-09-13 07:28:57','2024-09-13 07:28:57'),(92,126,1,'2024-09-13 07:28:58','2024-09-13 07:28:58'),(93,126,1,'2024-09-13 07:29:22','2024-09-13 07:29:22'),(94,149,1,'2024-09-13 07:29:35','2024-09-13 07:29:35'),(95,126,1,'2024-09-13 07:40:27','2024-09-13 07:40:27'),(96,126,1,'2024-09-13 07:40:30','2024-09-13 07:40:30'),(97,126,1,'2024-09-13 07:40:54','2024-09-13 07:40:54'),(98,126,1,'2024-09-13 07:41:55','2024-09-13 07:41:55'),(99,126,1,'2024-09-13 07:51:14','2024-09-13 07:51:14'),(100,126,1,'2024-09-13 07:51:17','2024-09-13 07:51:17'),(101,126,1,'2024-09-13 07:51:21','2024-09-13 07:51:21'),(102,126,1,'2024-09-13 07:51:41','2024-09-13 07:51:41'),(103,126,1,'2024-09-13 07:52:23','2024-09-13 07:52:23'),(104,126,1,'2024-09-13 07:52:30','2024-09-13 07:52:30'),(105,126,1,'2024-09-13 07:52:32','2024-09-13 07:52:32'),(106,126,1,'2024-09-13 07:52:33','2024-09-13 07:52:33'),(107,126,1,'2024-09-13 07:52:39','2024-09-13 07:52:39'),(108,126,1,'2024-09-13 07:52:46','2024-09-13 07:52:46'),(109,126,1,'2024-09-13 07:52:48','2024-09-13 07:52:48'),(110,126,1,'2024-09-13 07:52:51','2024-09-13 07:52:51'),(111,126,1,'2024-09-13 07:52:57','2024-09-13 07:52:57'),(112,126,1,'2024-09-13 07:53:14','2024-09-13 07:53:14'),(113,126,1,'2024-09-13 07:53:20','2024-09-13 07:53:20'),(114,126,1,'2024-09-13 07:53:30','2024-09-13 07:53:30'),(115,126,1,'2024-09-13 07:53:32','2024-09-13 07:53:32'),(116,126,1,'2024-09-13 07:53:33','2024-09-13 07:53:33'),(117,126,1,'2024-09-13 07:57:40','2024-09-13 07:57:40'),(118,126,1,'2024-09-13 07:57:50','2024-09-13 07:57:50'),(119,126,1,'2024-09-13 07:57:52','2024-09-13 07:57:52'),(120,126,1,'2024-09-13 07:57:55','2024-09-13 07:57:55'),(121,138,1,'2024-09-13 07:58:03','2024-09-13 07:58:03'),(122,126,1,'2024-09-13 08:09:53','2024-09-13 08:09:53'),(123,126,1,'2024-09-13 08:09:57','2024-09-13 08:09:57'),(124,132,1,'2024-09-13 08:10:01','2024-09-13 08:10:01'),(125,126,1,'2024-09-13 08:11:52','2024-09-13 08:11:52'),(126,126,1,'2024-09-13 08:11:53','2024-09-13 08:11:53'),(127,126,1,'2024-09-13 08:11:56','2024-09-13 08:11:56'),(128,126,1,'2024-09-13 08:12:04','2024-09-13 08:12:04'),(129,126,1,'2024-09-13 08:12:20','2024-09-13 08:12:20'),(130,126,1,'2024-09-13 08:12:23','2024-09-13 08:12:23'),(131,126,1,'2024-09-13 08:12:29','2024-09-13 08:12:29'),(132,126,1,'2024-09-13 08:12:49','2024-09-13 08:12:49'),(133,126,1,'2024-09-13 08:12:53','2024-09-13 08:12:53'),(134,126,1,'2024-09-13 08:13:48','2024-09-13 08:13:48'),(135,126,1,'2024-09-13 08:14:13','2024-09-13 08:14:13'),(136,132,1,'2024-09-13 08:14:25','2024-09-13 08:14:25'),(137,126,1,'2024-09-13 08:15:54','2024-09-13 08:15:54'),(138,126,1,'2024-09-13 08:23:05','2024-09-13 08:23:05'),(139,126,1,'2024-09-13 08:24:19','2024-09-13 08:24:19'),(140,126,1,'2024-09-13 08:31:44','2024-09-13 08:31:44'),(141,126,1,'2024-09-13 08:31:59','2024-09-13 08:31:59'),(142,126,1,'2024-09-13 08:32:01','2024-09-13 08:32:01'),(143,126,1,'2024-09-13 08:32:05','2024-09-13 08:32:05'),(144,132,1,'2024-09-13 09:19:55','2024-09-13 09:19:55'),(145,126,NULL,'2024-09-13 09:27:42','2024-09-13 09:27:42'),(146,126,NULL,'2024-09-13 09:28:52','2024-09-13 09:28:52');
/*!40000 ALTER TABLE `items_views` ENABLE KEYS */;
UNLOCK TABLES;

--
-- Table structure for table `job_batches`
--

DROP TABLE IF EXISTS `job_batches`;
/*!40101 SET @saved_cs_client     = @@character_set_client */;
/*!40101 SET character_set_client = utf8 */;
CREATE TABLE `job_batches` (
  `id` varchar(255) NOT NULL,
  `name` varchar(255) NOT NULL,
  `total_jobs` int(11) NOT NULL,
  `pending_jobs` int(11) NOT NULL,
  `failed_jobs` int(11) NOT NULL,
  `failed_job_ids` longtext NOT NULL,
  `options` mediumtext DEFAULT NULL,
  `cancelled_at` int(11) DEFAULT NULL,
  `created_at` int(11) NOT NULL,
  `finished_at` int(11) DEFAULT NULL,
  PRIMARY KEY (`id`)
) ENGINE=InnoDB DEFAULT CHARSET=utf8mb4 COLLATE=utf8mb4_unicode_ci;
/*!40101 SET character_set_client = @saved_cs_client */;

--
-- Dumping data for table `job_batches`
--

LOCK TABLES `job_batches` WRITE;
/*!40000 ALTER TABLE `job_batches` DISABLE KEYS */;
/*!40000 ALTER TABLE `job_batches` ENABLE KEYS */;
UNLOCK TABLES;

--
-- Table structure for table `jobs`
--

DROP TABLE IF EXISTS `jobs`;
/*!40101 SET @saved_cs_client     = @@character_set_client */;
/*!40101 SET character_set_client = utf8 */;
CREATE TABLE `jobs` (
  `id` bigint(20) unsigned NOT NULL AUTO_INCREMENT,
  `queue` varchar(255) NOT NULL,
  `payload` longtext NOT NULL,
  `attempts` tinyint(3) unsigned NOT NULL,
  `reserved_at` int(10) unsigned DEFAULT NULL,
  `available_at` int(10) unsigned NOT NULL,
  `created_at` int(10) unsigned NOT NULL,
  PRIMARY KEY (`id`),
  KEY `jobs_queue_index` (`queue`)
) ENGINE=InnoDB DEFAULT CHARSET=utf8mb4 COLLATE=utf8mb4_unicode_ci;
/*!40101 SET character_set_client = @saved_cs_client */;

--
-- Dumping data for table `jobs`
--

LOCK TABLES `jobs` WRITE;
/*!40000 ALTER TABLE `jobs` DISABLE KEYS */;
/*!40000 ALTER TABLE `jobs` ENABLE KEYS */;
UNLOCK TABLES;

--
-- Table structure for table `likes`
--

DROP TABLE IF EXISTS `likes`;
/*!40101 SET @saved_cs_client     = @@character_set_client */;
/*!40101 SET character_set_client = utf8 */;
CREATE TABLE `likes` (
  `id` bigint(20) unsigned NOT NULL AUTO_INCREMENT,
  `user_id` bigint(20) unsigned NOT NULL,
  `item_id` bigint(20) unsigned NOT NULL,
  `created_at` timestamp NULL DEFAULT NULL,
  `updated_at` timestamp NULL DEFAULT NULL,
  PRIMARY KEY (`id`),
  KEY `likes_user_id_index` (`user_id`),
  KEY `likes_item_id_index` (`item_id`),
  CONSTRAINT `likes_item_id_foreign` FOREIGN KEY (`item_id`) REFERENCES `items` (`id`) ON DELETE CASCADE,
  CONSTRAINT `likes_user_id_foreign` FOREIGN KEY (`user_id`) REFERENCES `users` (`id`) ON DELETE CASCADE
) ENGINE=InnoDB AUTO_INCREMENT=27 DEFAULT CHARSET=utf8mb4 COLLATE=utf8mb4_unicode_ci;
/*!40101 SET character_set_client = @saved_cs_client */;

--
-- Dumping data for table `likes`
--

LOCK TABLES `likes` WRITE;
/*!40000 ALTER TABLE `likes` DISABLE KEYS */;
INSERT INTO `likes` VALUES (12,2,157,'2024-09-07 15:35:46','2024-09-07 15:35:46'),(13,2,138,'2024-09-07 15:43:48','2024-09-07 15:43:48');
/*!40000 ALTER TABLE `likes` ENABLE KEYS */;
UNLOCK TABLES;

--
-- Table structure for table `migrations`
--

DROP TABLE IF EXISTS `migrations`;
/*!40101 SET @saved_cs_client     = @@character_set_client */;
/*!40101 SET character_set_client = utf8 */;
CREATE TABLE `migrations` (
  `id` int(10) unsigned NOT NULL AUTO_INCREMENT,
  `migration` varchar(255) NOT NULL,
  `batch` int(11) NOT NULL,
  PRIMARY KEY (`id`)
) ENGINE=InnoDB AUTO_INCREMENT=132 DEFAULT CHARSET=utf8mb4 COLLATE=utf8mb4_unicode_ci;
/*!40101 SET character_set_client = @saved_cs_client */;

--
-- Dumping data for table `migrations`
--

LOCK TABLES `migrations` WRITE;
/*!40000 ALTER TABLE `migrations` DISABLE KEYS */;
INSERT INTO `migrations` VALUES (66,'0001_01_01_000000_create_users_table',1),(95,'0001_01_01_000001_create_cache_table',2),(96,'0001_01_01_000002_create_jobs_table',2),(97,'2024_08_25_155946_create_item_categories_table',2),(98,'2024_08_26_121101_create_admins_table',2),(99,'2024_08_26_134910_create_items_table',2),(100,'2024_08_26_150253_create_carts_table',2),(101,'2024_08_26_160958_create_orders_table',2),(102,'2024_08_26_170208_create_images_table',3),(103,'2024_08_26_072525_add_users_table_2columns',4),(119,'2024_08_27_200951_create_categories_table',5),(120,'2024_08_28_103550_create_items_table',5),(121,'2024_08_28_200939_create_carts_table',5),(122,'2024_08_28_200945_create_orders_table',5),(123,'2024_08_28_200956_create_likes_table',5),(124,'2024_08_31_173908_create_images_table',6),(125,'2024_08_31_180045_add_is_active_to_items_table',7),(126,'2024_08_31_181434_add_name_verified_at_to_users_table',8),(127,'2024_09_01_164612_create_images_table',9),(128,'2024_09_01_164836_create_item_images_table',10),(129,'2024_09_02_214418_add_thumbnail_to_items_table',11),(130,'2024_08_28_022129_create_likes_table',12),(131,'2024_09_12_022309_create_items_view_table',13);
/*!40000 ALTER TABLE `migrations` ENABLE KEYS */;
UNLOCK TABLES;

--
-- Table structure for table `orders`
--

DROP TABLE IF EXISTS `orders`;
/*!40101 SET @saved_cs_client     = @@character_set_client */;
/*!40101 SET character_set_client = utf8 */;
CREATE TABLE `orders` (
  `id` bigint(20) unsigned NOT NULL AUTO_INCREMENT,
  `user_id` bigint(20) unsigned NOT NULL,
  `item_id` bigint(20) unsigned NOT NULL,
  `count` int(11) NOT NULL,
  `created_at` timestamp NULL DEFAULT NULL,
  `updated_at` timestamp NULL DEFAULT NULL,
  PRIMARY KEY (`id`),
  KEY `orders_user_id_index` (`user_id`),
  KEY `orders_item_id_index` (`item_id`),
  CONSTRAINT `orders_item_id_foreign` FOREIGN KEY (`item_id`) REFERENCES `items` (`id`) ON DELETE CASCADE,
  CONSTRAINT `orders_user_id_foreign` FOREIGN KEY (`user_id`) REFERENCES `users` (`id`) ON DELETE CASCADE
) ENGINE=InnoDB AUTO_INCREMENT=69 DEFAULT CHARSET=utf8mb4 COLLATE=utf8mb4_unicode_ci;
/*!40101 SET character_set_client = @saved_cs_client */;

--
-- Dumping data for table `orders`
--

LOCK TABLES `orders` WRITE;
/*!40000 ALTER TABLE `orders` DISABLE KEYS */;
INSERT INTO `orders` VALUES (36,2,126,12,'2024-09-04 07:59:31','2024-09-04 07:59:31'),(37,2,121,12,'2024-09-04 07:59:42','2024-09-04 07:59:42'),(38,2,121,1,'2024-09-04 09:54:18','2024-09-04 09:54:18'),(39,2,123,1,'2024-09-04 09:54:27','2024-09-04 09:54:27'),(41,2,112,1,'2024-09-04 09:54:41','2024-09-04 09:54:41'),(42,2,115,1,'2024-09-04 10:13:45','2024-09-04 10:13:45'),(43,2,126,1,'2024-09-05 01:03:31','2024-09-05 01:03:31'),(44,2,120,1,'2024-09-05 01:03:31','2024-09-05 01:03:31'),(46,2,111,1,'2024-09-05 01:03:31','2024-09-05 01:03:31'),(47,2,122,1,'2024-09-05 01:03:31','2024-09-05 01:03:31'),(48,2,119,1,'2024-09-05 01:03:31','2024-09-05 01:03:31'),(49,2,121,1,'2024-09-05 01:37:31','2024-09-05 01:37:31'),(50,2,126,2,'2024-09-05 01:37:31','2024-09-05 01:37:31'),(51,2,118,1,'2024-09-05 01:37:31','2024-09-05 01:37:31'),(52,2,120,1,'2024-09-05 01:37:31','2024-09-05 01:37:31'),(54,2,114,1,'2024-09-05 01:37:31','2024-09-05 01:37:31'),(55,2,121,1,'2024-09-05 01:52:31','2024-09-05 01:52:31'),(56,2,110,1,'2024-09-05 03:09:24','2024-09-05 03:09:24'),(57,2,166,1,'2024-09-06 12:55:19','2024-09-06 12:55:19'),(58,2,121,1,'2024-09-07 15:31:57','2024-09-07 15:31:57'),(59,2,110,2,'2024-09-07 15:31:57','2024-09-07 15:31:57'),(60,2,135,1,'2024-09-07 15:31:57','2024-09-07 15:31:57'),(61,2,138,5,'2024-09-07 15:31:57','2024-09-07 15:31:57'),(62,2,166,1,'2024-09-07 15:31:57','2024-09-07 15:31:57'),(63,2,165,1,'2024-09-07 15:31:57','2024-09-07 15:31:57'),(64,1,126,1,'2024-09-09 14:13:03','2024-09-09 14:13:03'),(65,1,126,1,'2024-09-10 02:19:46','2024-09-10 02:19:46'),(66,1,126,1,'2024-09-10 02:42:10','2024-09-10 02:42:10'),(67,1,132,1,'2024-09-13 08:10:04','2024-09-13 08:10:04'),(68,1,132,1,'2024-09-13 09:19:58','2024-09-13 09:19:58');
/*!40000 ALTER TABLE `orders` ENABLE KEYS */;
UNLOCK TABLES;

--
-- Table structure for table `password_reset_tokens`
--

DROP TABLE IF EXISTS `password_reset_tokens`;
/*!40101 SET @saved_cs_client     = @@character_set_client */;
/*!40101 SET character_set_client = utf8 */;
CREATE TABLE `password_reset_tokens` (
  `email` varchar(255) NOT NULL,
  `token` varchar(255) NOT NULL,
  `created_at` timestamp NULL DEFAULT NULL,
  PRIMARY KEY (`email`)
) ENGINE=InnoDB DEFAULT CHARSET=utf8mb4 COLLATE=utf8mb4_unicode_ci;
/*!40101 SET character_set_client = @saved_cs_client */;

--
-- Dumping data for table `password_reset_tokens`
--

LOCK TABLES `password_reset_tokens` WRITE;
/*!40000 ALTER TABLE `password_reset_tokens` DISABLE KEYS */;
/*!40000 ALTER TABLE `password_reset_tokens` ENABLE KEYS */;
UNLOCK TABLES;

--
-- Table structure for table `sessions`
--

DROP TABLE IF EXISTS `sessions`;
/*!40101 SET @saved_cs_client     = @@character_set_client */;
/*!40101 SET character_set_client = utf8 */;
CREATE TABLE `sessions` (
  `id` varchar(255) NOT NULL,
  `user_id` bigint(20) unsigned DEFAULT NULL,
  `ip_address` varchar(45) DEFAULT NULL,
  `user_agent` text DEFAULT NULL,
  `payload` longtext NOT NULL,
  `last_activity` int(11) NOT NULL,
  PRIMARY KEY (`id`),
  KEY `sessions_user_id_index` (`user_id`),
  KEY `sessions_last_activity_index` (`last_activity`)
) ENGINE=InnoDB DEFAULT CHARSET=utf8mb4 COLLATE=utf8mb4_unicode_ci;
/*!40101 SET character_set_client = @saved_cs_client */;

--
-- Dumping data for table `sessions`
--

LOCK TABLES `sessions` WRITE;
/*!40000 ALTER TABLE `sessions` DISABLE KEYS */;
INSERT INTO `sessions` VALUES ('vDhVo9amIcthUXLWMaBSyGGRvXkRxaZ1D1MQhvRb',1,'127.0.0.1','Mozilla/5.0 (Windows NT 10.0; Win64; x64) AppleWebKit/537.36 (KHTML, like Gecko) Chrome/128.0.0.0 Safari/537.36','YTo2OntzOjY6Il90b2tlbiI7czo0MDoid1FmWWRsbmlXZG8wN0VESEM5S2dVcmpNbUJqTzlLeHo0RHN4Q2d5RyI7czo2OiJfZmxhc2giO2E6Mjp7czozOiJvbGQiO2E6MDp7fXM6MzoibmV3IjthOjA6e319czo5OiJfcHJldmlvdXMiO2E6MTp7czozOiJ1cmwiO3M6MjE6Imh0dHA6Ly8xMjcuMC4wLjE6ODAwMCI7fXM6MzoidXJsIjthOjA6e31zOjUwOiJsb2dpbl93ZWJfNTliYTM2YWRkYzJiMmY5NDAxNTgwZjAxNGM3ZjU4ZWE0ZTMwOTg5ZCI7aToxO3M6NDoiYXV0aCI7YToxOntzOjIxOiJwYXNzd29yZF9jb25maXJtZWRfYXQiO2k6MTcyNjIyMTQwODt9fQ==',1726221408);
/*!40000 ALTER TABLE `sessions` ENABLE KEYS */;
UNLOCK TABLES;

--
-- Table structure for table `users`
--

DROP TABLE IF EXISTS `users`;
/*!40101 SET @saved_cs_client     = @@character_set_client */;
/*!40101 SET character_set_client = utf8 */;
CREATE TABLE `users` (
  `id` bigint(20) unsigned NOT NULL AUTO_INCREMENT,
  `name` varchar(255) NOT NULL,
  `phone` varchar(11) NOT NULL,
  `address` varchar(255) NOT NULL,
  `email` varchar(255) NOT NULL,
  `email_verified_at` timestamp NULL DEFAULT NULL,
  `password` varchar(255) NOT NULL,
  `payjp_customer_id` varchar(255) DEFAULT NULL,
  `remember_token` varchar(100) DEFAULT NULL,
  `created_at` timestamp NULL DEFAULT NULL,
  `updated_at` timestamp NULL DEFAULT NULL,
  `name_verified_at` timestamp NULL DEFAULT NULL,
  PRIMARY KEY (`id`),
  UNIQUE KEY `users_email_unique` (`email`),
  UNIQUE KEY `phone` (`phone`)
) ENGINE=InnoDB AUTO_INCREMENT=5 DEFAULT CHARSET=utf8mb4 COLLATE=utf8mb4_unicode_ci;
/*!40101 SET character_set_client = @saved_cs_client */;

--
-- Dumping data for table `users`
--

LOCK TABLES `users` WRITE;
/*!40000 ALTER TABLE `users` DISABLE KEYS */;
INSERT INTO `users` VALUES (1,'田中太郎楼','08099992203','東京都西新宿2-12-3','abc@abc.com',NULL,'$2y$12$msOhgjbgQYhLNgPLL8GogOj/cg1RCUd/Zfk3tHmyoOl56hAX2lTFW',NULL,NULL,NULL,'2024-09-13 09:16:41',NULL),(2,'山田太','08099992201','東京都西新宿2-12-3','abcd@abd.com',NULL,'$2y$12$msOhgjbgQYhLNgPLL8GogOj/cg1RCUd/Zfk3tHmyoOl56hAX2lTFW',NULL,NULL,NULL,'2024-08-31 09:16:38',NULL),(3,'高橋太郎','08099992202','東京都西新宿2-12-3','abc@abe.com',NULL,'$2y$12$msOhgjbgQYhLNgPLL8GogOj/cg1RCUd/Zfk3tHmyoOl56hAX2lTFW',NULL,NULL,NULL,NULL,NULL);
/*!40000 ALTER TABLE `users` ENABLE KEYS */;
UNLOCK TABLES;
/*!40103 SET TIME_ZONE=@OLD_TIME_ZONE */;

/*!40101 SET SQL_MODE=@OLD_SQL_MODE */;
/*!40014 SET FOREIGN_KEY_CHECKS=@OLD_FOREIGN_KEY_CHECKS */;
/*!40014 SET UNIQUE_CHECKS=@OLD_UNIQUE_CHECKS */;
/*!40101 SET CHARACTER_SET_CLIENT=@OLD_CHARACTER_SET_CLIENT */;
/*!40101 SET CHARACTER_SET_RESULTS=@OLD_CHARACTER_SET_RESULTS */;
/*!40101 SET COLLATION_CONNECTION=@OLD_COLLATION_CONNECTION */;
/*!40111 SET SQL_NOTES=@OLD_SQL_NOTES */;

-- Dump completed on 2024-09-14  5:06:29
